timestamp,asset,current_close,predicted_close,actual_close,predicted_direction,actual_direction,probability,tech_signal,correct,running_bankroll
2026-07-06 21:22:00+00:00,BTC,64338.69,64341.99609375,64262.0,UP,DOWN,0.5041,NEUTRAL,False,995.9
2026-07-06 21:27:00+00:00,BTC,64262.0,64369.08203125,64288.0,UP,UP,0.6286,NEUTRAL,True,1123.97
2026-07-06 21:32:00+00:00,BTC,64288.0,64219.94921875,64180.31,DOWN,DOWN,0.5834,NEUTRAL,True,1217.71
2026-07-06 21:37:00+00:00,BTC,64180.31,64166.4609375,64197.31,DOWN,UP,0.5173,NEUTRAL,False,1196.65
2026-07-06 21:42:00+00:00,BTC,64197.31,64197.2734375,64205.89,DOWN,UP,0.5,NEUTRAL,False,1196.65
2026-07-06 21:47:00+00:00,BTC,64205.89,64148.69921875,64422.01,DOWN,UP,0.5705,NEUTRAL,False,1112.28
2026-07-06 21:52:00+00:00,BTC,64422.01,64415.28515625,64398.01,DOWN,DOWN,0.5083,UP,True,1121.51
2026-07-06 21:57:00+00:00,BTC,64398.01,64442.21484375,64398.0,UP,DOWN,0.5546,UP,False,1060.28
2026-07-06 22:02:00+00:00,BTC,64398.0,64444.1171875,64321.55,UP,DOWN,0.5569,NEUTRAL,False,999.95
2026-07-06 22:07:00+00:00,BTC,64321.55,64362.234375,64370.33,UP,UP,0.5503,NEUTRAL,True,1050.25
2026-07-06 22:12:00+00:00,BTC,64370.33,64381.1015625,64376.0,UP,UP,0.5134,NEUTRAL,True,1064.32
2026-07-06 22:17:00+00:00,BTC,64376.0,64393.65234375,64310.28,UP,DOWN,0.5219,NEUTRAL,False,1041.01
2026-07-06 22:22:00+00:00,BTC,64310.28,64410.625,64224.0,UP,DOWN,0.6209,DOWN,False,915.15
2026-07-06 22:27:00+00:00,BTC,64224.0,64253.93359375,64199.99,UP,DOWN,0.5372,DOWN,False,881.11
2026-07-06 22:32:00+00:00,BTC,64199.99,64232.796875,64198.0,UP,DOWN,0.5407,DOWN,False,845.25
2026-07-06 22:37:00+00:00,BTC,64198.0,64194.64453125,64198.0,DOWN,DOWN,0.5042,DOWN,True,848.8
2026-07-06 22:42:00+00:00,BTC,64198.0,64162.3125,64175.99,DOWN,DOWN,0.5443,NEUTRAL,True,886.4
2026-07-06 22:47:00+00:00,BTC,64175.99,64205.96484375,64250.36,UP,UP,0.5373,NEUTRAL,True,919.46
2026-07-06 22:52:00+00:00,BTC,64250.36,64266.859375,64213.99,UP,DOWN,0.5205,NEUTRAL,False,900.61
2026-07-06 22:57:00+00:00,BTC,64213.99,64219.4453125,64304.01,UP,UP,0.5068,NEUTRAL,True,906.74
2026-07-06 23:02:00+00:00,BTC,64304.01,64303.828125,64294.01,DOWN,DOWN,0.5002,UP,True,906.92
2026-07-06 23:07:00+00:00,BTC,64294.01,64276.484375,64267.99,DOWN,DOWN,0.5218,UP,True,926.69
2026-07-06 23:12:00+00:00,BTC,64267.99,64210.87109375,64174.01,DOWN,DOWN,0.5704,NEUTRAL,True,991.93
2026-07-06 23:17:00+00:00,BTC,64174.01,64223.5703125,64122.96,UP,DOWN,0.5613,DOWN,False,931.12
2026-07-06 23:22:00+00:00,BTC,64122.96,64156.58984375,64115.99,UP,DOWN,0.5418,DOWN,False,892.2
2026-07-06 23:27:00+00:00,BTC,64115.99,64103.75390625,64144.01,DOWN,UP,0.5153,DOWN,False,878.55
2026-07-06 23:32:00+00:00,BTC,64144.01,64186.28515625,64168.01,UP,UP,0.5524,NEUTRAL,True,924.59
2026-07-06 23:37:00+00:00,BTC,64168.01,64219.20703125,64067.99,UP,DOWN,0.5633,NEUTRAL,False,866.06
2026-07-06 23:42:00+00:00,BTC,64067.99,64069.89453125,64061.99,UP,DOWN,0.5024,DOWN,False,863.98
2026-07-06 23:47:00+00:00,BTC,64061.99,64086.3828125,64110.98,UP,UP,0.5304,DOWN,True,890.25
2026-07-06 23:52:00+00:00,BTC,64110.98,64187.59765625,64035.0,UP,DOWN,0.5938,NEUTRAL,False,806.74
2026-07-06 23:57:00+00:00,BTC,64035.0,64048.1953125,64044.0,UP,UP,0.5165,DOWN,True,820.05
2026-07-07 00:02:00+00:00,BTC,64044.0,64093.390625,64083.99,UP,UP,0.5612,DOWN,True,870.24
2026-07-07 00:07:00+00:00,BTC,64083.99,63969.40234375,64041.13,DOWN,DOWN,0.6372,NEUTRAL,True,989.64
2026-07-07 00:12:00+00:00,BTC,64041.13,64041.765625,64073.83,UP,UP,0.5008,NEUTRAL,True,990.43
2026-07-07 00:17:00+00:00,BTC,64073.83,64065.91796875,64179.99,DOWN,UP,0.5099,NEUTRAL,False,980.63
2026-07-07 00:22:00+00:00,BTC,64179.99,64151.35546875,64275.99,DOWN,UP,0.5356,UP,False,945.72
2026-07-07 00:27:00+00:00,BTC,64275.99,64239.97265625,64224.72,DOWN,DOWN,0.5446,UP,True,987.89
2026-07-07 00:32:00+00:00,BTC,64224.72,64209.63671875,64080.01,DOWN,DOWN,0.5188,UP,True,1006.47
2026-07-07 00:37:00+00:00,BTC,64080.01,64136.453125,64066.01,UP,DOWN,0.5697,DOWN,False,936.32
2026-07-07 00:42:00+00:00,BTC,64066.01,64067.15234375,64122.25,UP,UP,0.5014,DOWN,True,937.63
2026-07-07 00:47:00+00:00,BTC,64122.25,64080.37890625,64190.0,DOWN,UP,0.5519,NEUTRAL,False,888.96
2026-07-07 00:52:00+00:00,BTC,64190.0,64093.66015625,64199.99,DOWN,UP,0.6166,UP,False,785.31
2026-07-07 00:57:00+00:00,BTC,64199.99,64221.15234375,64030.41,UP,DOWN,0.5263,UP,False,764.66
2026-07-07 01:02:00+00:00,BTC,64030.41,64056.90625,63959.59,UP,DOWN,0.533,DOWN,False,739.42
2026-07-07 01:07:00+00:00,BTC,63959.59,63965.76171875,64019.06,UP,UP,0.5077,DOWN,True,745.12
2026-07-07 01:12:00+00:00,BTC,64019.06,63976.8984375,63984.0,DOWN,DOWN,0.5524,DOWN,True,784.16
2026-07-07 01:17:00+00:00,BTC,63984.0,63961.0625,63994.0,DOWN,UP,0.5286,NEUTRAL,False,761.73
2026-07-07 01:22:00+00:00,BTC,63994.0,63966.3125,63971.58,DOWN,DOWN,0.5345,NEUTRAL,True,788.01
2026-07-07 01:27:00+00:00,BTC,63971.58,64029.75,63899.85,UP,DOWN,0.572,NEUTRAL,False,731.28
2026-07-07 01:32:00+00:00,BTC,63899.85,63908.65234375,63816.0,UP,DOWN,0.511,DOWN,False,723.23
2026-07-07 01:37:00+00:00,BTC,63816.0,63909.171875,63852.01,UP,UP,0.6136,DOWN,True,805.39
2026-07-07 01:42:00+00:00,BTC,63852.01,63940.38671875,64004.01,UP,UP,0.608,DOWN,True,892.37
2026-07-07 01:47:00+00:00,BTC,64004.01,63953.48046875,63970.0,DOWN,DOWN,0.5626,UP,True,948.24
2026-07-07 01:52:00+00:00,BTC,63970.0,64019.046875,63941.34,UP,DOWN,0.5609,NEUTRAL,False,890.49
2026-07-07 01:57:00+00:00,BTC,63941.34,63972.390625,63836.0,UP,DOWN,0.5387,NEUTRAL,False,856.03
2026-07-07 02:02:00+00:00,BTC,63836.0,63798.65625,63820.0,DOWN,DOWN,0.5466,DOWN,True,895.92
2026-07-07 02:07:00+00:00,BTC,63820.0,63811.8828125,63827.76,DOWN,UP,0.5102,DOWN,False,886.78
2026-07-07 02:12:00+00:00,BTC,63827.76,63865.15625,63778.0,UP,DOWN,0.5467,DOWN,False,845.37
2026-07-07 02:17:00+00:00,BTC,63778.0,63769.390625,63730.89,DOWN,DOWN,0.5108,DOWN,True,854.5
2026-07-07 02:22:00+00:00,BTC,63730.89,63710.62109375,63599.17,DOWN,DOWN,0.5254,DOWN,True,876.2
2026-07-07 02:27:00+00:00,BTC,63599.17,63569.61328125,63502.0,DOWN,DOWN,0.5371,DOWN,True,908.71
2026-07-07 02:32:00+00:00,BTC,63502.0,63558.625,63524.81,UP,UP,0.5706,DOWN,True,972.86
2026-07-07 02:37:00+00:00,BTC,63524.81,63578.921875,63568.0,UP,UP,0.5675,DOWN,True,1038.53
2026-07-07 02:42:00+00:00,BTC,63568.0,63648.640625,63525.72,UP,DOWN,0.5994,NEUTRAL,False,935.3
2026-07-07 02:47:00+00:00,BTC,63525.72,63401.28515625,63341.99,DOWN,DOWN,0.6492,NEUTRAL,True,1074.85
2026-07-07 02:52:00+00:00,BTC,63341.99,63427.66796875,63328.01,UP,DOWN,0.6056,DOWN,False,961.34
2026-07-07 02:57:00+00:00,BTC,63328.01,63333.8984375,63350.0,UP,UP,0.5074,DOWN,True,968.46
2026-07-07 03:02:00+00:00,BTC,63350.0,63291.71875,63387.99,DOWN,UP,0.5728,NEUTRAL,False,897.95
2026-07-07 03:07:00+00:00,BTC,63387.99,63353.609375,63411.82,DOWN,UP,0.5432,NEUTRAL,False,859.16
2026-07-07 03:12:00+00:00,BTC,63411.82,63399.94921875,63338.0,DOWN,DOWN,0.515,NEUTRAL,True,872.05
2026-07-07 03:17:00+00:00,BTC,63338.0,63268.47265625,63344.84,DOWN,UP,0.5864,NEUTRAL,False,796.71
2026-07-07 03:22:00+00:00,BTC,63344.84,63358.02734375,63280.0,UP,DOWN,0.5166,NEUTRAL,False,783.48
2026-07-07 03:27:00+00:00,BTC,63280.0,63318.453125,63319.99,UP,UP,0.5484,NEUTRAL,True,821.4
2026-07-07 03:32:00+00:00,BTC,63319.99,63309.92578125,63298.01,DOWN,DOWN,0.5127,NEUTRAL,True,831.83
2026-07-07 03:37:00+00:00,BTC,63298.01,63288.14453125,63204.2,DOWN,DOWN,0.5125,NEUTRAL,True,842.23
2026-07-07 03:42:00+00:00,BTC,63204.2,63235.84765625,63196.84,UP,DOWN,0.5399,DOWN,False,808.63
2026-07-07 03:47:00+00:00,BTC,63196.84,63277.08203125,63186.75,UP,DOWN,0.5994,DOWN,False,728.25
2026-07-07 03:52:00+00:00,BTC,63186.75,63263.5625,63161.91,UP,DOWN,0.5954,DOWN,False,658.77
2026-07-07 03:57:00+00:00,BTC,63161.91,63194.63671875,63146.8,UP,DOWN,0.5413,NEUTRAL,False,631.57
2026-07-07 04:02:00+00:00,BTC,63146.8,63119.66796875,63180.01,DOWN,UP,0.5343,NEUTRAL,False,609.9
2026-07-07 04:07:00+00:00,BTC,63180.01,63207.0234375,63270.05,UP,UP,0.5341,NEUTRAL,True,630.7
2026-07-07 04:12:00+00:00,BTC,63270.05,63270.58203125,63198.0,UP,DOWN,0.5007,UP,False,630.26
2026-07-07 04:17:00+00:00,BTC,63198.0,63171.703125,63205.99,DOWN,UP,0.5332,NEUTRAL,False,609.33
2026-07-07 04:22:00+00:00,BTC,63205.99,63200.0859375,63239.99,DOWN,UP,0.5075,NEUTRAL,False,604.76
2026-07-07 04:27:00+00:00,BTC,63239.99,63246.1953125,63240.01,UP,UP,0.5078,UP,True,609.48
2026-07-07 04:32:00+00:00,BTC,63240.01,63216.29296875,63209.69,DOWN,DOWN,0.5299,NEUTRAL,True,627.71
2026-07-07 04:37:00+00:00,BTC,63209.69,63166.05859375,63190.0,DOWN,DOWN,0.5549,NEUTRAL,True,662.17
2026-07-07 04:42:00+00:00,BTC,63190.0,63075.953125,63141.99,DOWN,DOWN,0.6384,DOWN,True,753.81
2026-07-07 04:47:00+00:00,BTC,63141.99,63195.359375,63096.0,UP,DOWN,0.567,DOWN,False,703.3
2026-07-07 04:52:00+00:00,BTC,63096.0,63131.984375,63090.64,UP,DOWN,0.5454,DOWN,False,671.37
2026-07-07 04:57:00+00:00,BTC,63090.64,63052.81640625,63093.99,DOWN,UP,0.5477,DOWN,False,639.35
2026-07-07 05:02:00+00:00,BTC,63093.99,63100.17578125,63058.0,UP,DOWN,0.5078,NEUTRAL,False,634.36
2026-07-07 05:07:00+00:00,BTC,63058.0,63082.8125,62972.46,UP,DOWN,0.5314,NEUTRAL,False,614.44
2026-07-07 05:12:00+00:00,BTC,62972.46,62973.68359375,62916.46,UP,DOWN,0.5016,DOWN,False,613.46
2026-07-07 05:17:00+00:00,BTC,62916.46,63032.8359375,62925.99,UP,UP,0.6416,DOWN,True,700.33
2026-07-07 05:22:00+00:00,BTC,62925.99,63069.8046875,62904.01,UP,DOWN,0.6711,NEUTRAL,False,580.5
2026-07-07 05:27:00+00:00,BTC,62904.01,62949.53125,63109.99,UP,UP,0.5575,NEUTRAL,True,613.88
2026-07-07 05:32:00+00:00,BTC,63109.99,63125.609375,63177.5,UP,UP,0.5198,UP,True,626.03
2026-07-07 05:37:00+00:00,BTC,63177.5,63066.703125,63146.84,DOWN,DOWN,0.6348,UP,True,710.42
2026-07-07 05:42:00+00:00,BTC,63146.84,63140.51171875,63168.38,DOWN,UP,0.508,UP,False,704.74
2026-07-07 05:47:00+00:00,BTC,63168.38,63125.6875,63224.99,DOWN,UP,0.5537,UP,False,666.9
2026-07-07 05:52:00+00:00,BTC,63224.99,63230.96875,63149.45,UP,DOWN,0.5076,UP,False,661.83
2026-07-07 05:57:00+00:00,BTC,63149.45,63268.92578125,63194.01,UP,UP,0.6445,NEUTRAL,True,757.46
2026-07-07 06:02:00+00:00,BTC,63194.01,63076.48828125,63025.99,DOWN,DOWN,0.6423,NEUTRAL,True,865.25
2026-07-07 06:07:00+00:00,BTC,63025.99,63020.69140625,63018.07,DOWN,DOWN,0.5067,DOWN,True,871.05
2026-07-07 06:12:00+00:00,BTC,63018.07,62771.8203125,63101.11,DOWN,UP,0.7614,DOWN,False,643.35
2026-07-07 06:17:00+00:00,BTC,63101.11,63077.93359375,63110.0,DOWN,UP,0.5293,NEUTRAL,False,624.5
2026-07-07 06:22:00+00:00,BTC,63110.0,63023.1953125,63129.87,DOWN,UP,0.6073,NEUTRAL,False,557.5
2026-07-07 06:27:00+00:00,BTC,63129.87,63063.28515625,63193.99,DOWN,UP,0.5831,UP,False,511.17
2026-07-07 06:32:00+00:00,BTC,63193.99,63212.5,63259.57,UP,UP,0.5234,UP,True,523.13
2026-07-07 06:37:00+00:00,BTC,63259.57,63214.80078125,63241.99,DOWN,DOWN,0.5562,UP,True,552.53
2026-07-07 06:42:00+00:00,BTC,63241.99,63151.4609375,63256.01,DOWN,UP,0.6115,UP,False,490.92
2026-07-07 06:47:00+00:00,BTC,63256.01,63347.3046875,63304.01,UP,UP,0.6124,NEUTRAL,True,546.1
2026-07-07 06:52:00+00:00,BTC,63304.01,63303.35546875,63374.13,DOWN,UP,0.5008,UP,False,545.66
2026-07-07 06:57:00+00:00,BTC,63374.13,63336.625,63432.01,DOWN,UP,0.5471,UP,False,519.96
2026-07-07 07:02:00+00:00,BTC,63432.01,63415.44140625,63378.0,DOWN,DOWN,0.5209,UP,True,530.83
2026-07-07 07:07:00+00:00,BTC,63378.0,63367.76953125,63362.91,DOWN,DOWN,0.5129,NEUTRAL,True,537.68
2026-07-07 07:12:00+00:00,BTC,63362.91,63297.875,63375.66,DOWN,UP,0.581,NEUTRAL,False,494.13
2026-07-07 07:17:00+00:00,BTC,63375.66,63331.8203125,63357.59,DOWN,DOWN,0.555,NEUTRAL,True,521.3
2026-07-07 07:22:00+00:00,BTC,63357.59,63306.6484375,63275.99,DOWN,DOWN,0.5638,NEUTRAL,True,554.56
2026-07-07 07:27:00+00:00,BTC,63275.99,63132.234375,63247.19,DOWN,DOWN,0.6702,DOWN,True,648.95
2026-07-07 07:32:00+00:00,BTC,63247.19,63275.37109375,63097.99,UP,DOWN,0.5356,DOWN,False,625.85
2026-07-07 07:37:00+00:00,BTC,63097.99,63071.9921875,63129.75,DOWN,UP,0.5329,DOWN,False,605.26
2026-07-07 07:42:00+00:00,BTC,63129.75,63087.25390625,63166.01,DOWN,UP,0.5535,DOWN,False,572.87
2026-07-07 07:47:00+00:00,BTC,63166.01,63150.80078125,63129.97,DOWN,DOWN,0.5192,NEUTRAL,True,583.87
2026-07-07 07:52:00+00:00,BTC,63129.97,63239.0234375,63105.66,UP,DOWN,0.6329,NEUTRAL,False,506.28
2026-07-07 07:57:00+00:00,BTC,63105.66,63114.27734375,63095.2,UP,DOWN,0.5109,NEUTRAL,False,500.76
2026-07-07 08:02:00+00:00,BTC,63095.2,63007.27734375,63052.0,DOWN,DOWN,0.6087,NEUTRAL,True,555.19
2026-07-07 08:07:00+00:00,BTC,63052.0,62985.22265625,63183.99,DOWN,UP,0.5835,DOWN,False,508.83
2026-07-07 08:12:00+00:00,BTC,63183.99,63041.5234375,63119.99,DOWN,DOWN,0.6691,UP,True,594.88
2026-07-07 08:17:00+00:00,BTC,63119.99,63112.20703125,63152.0,DOWN,UP,0.5099,NEUTRAL,False,588.99
2026-07-07 08:22:00+00:00,BTC,63152.0,63117.60546875,63106.86,DOWN,DOWN,0.5434,UP,True,614.55
2026-07-07 08:27:00+00:00,BTC,63106.86,63119.41015625,63054.0,UP,DOWN,0.5159,NEUTRAL,False,604.78
2026-07-07 08:32:00+00:00,BTC,63054.0,63113.640625,63099.99,UP,UP,0.5748,DOWN,True,650.02
2026-07-07 08:37:00+00:00,BTC,63099.99,63122.78125,63082.01,UP,DOWN,0.5288,NEUTRAL,False,631.29
2026-07-07 08:42:00+00:00,BTC,63082.01,63057.9609375,63067.29,DOWN,DOWN,0.5304,NEUTRAL,True,650.49
2026-07-07 08:47:00+00:00,BTC,63067.29,63091.4921875,63055.31,UP,DOWN,0.5306,NEUTRAL,False,630.58
2026-07-07 08:52:00+00:00,BTC,63055.31,63095.87890625,63143.99,UP,UP,0.5512,DOWN,True,662.87
2026-07-07 08:57:00+00:00,BTC,63143.99,63166.26953125,63117.31,UP,DOWN,0.5282,UP,False,644.17
2026-07-07 09:02:00+00:00,BTC,63117.31,63093.7734375,63154.09,DOWN,UP,0.5298,UP,False,624.98
2026-07-07 09:07:00+00:00,BTC,63154.09,63199.265625,63216.03,UP,UP,0.5568,UP,True,660.48
2026-07-07 09:12:00+00:00,BTC,63216.03,63228.50390625,63219.34,UP,UP,0.5158,UP,True,670.91
2026-07-07 09:17:00+00:00,BTC,63219.34,63175.94921875,63217.9,DOWN,DOWN,0.5546,UP,True,707.54
2026-07-07 09:22:00+00:00,BTC,63217.9,63172.25,63206.0,DOWN,DOWN,0.5574,NEUTRAL,True,748.16
2026-07-07 09:27:00+00:00,BTC,63206.0,63189.45703125,63172.0,DOWN,DOWN,0.5209,NEUTRAL,True,763.79
2026-07-07 09:32:00+00:00,BTC,63172.0,63190.8203125,63180.0,UP,UP,0.5238,NEUTRAL,True,781.97
2026-07-07 09:37:00+00:00,BTC,63180.0,63215.91796875,63288.0,UP,UP,0.5453,NEUTRAL,True,817.4
2026-07-07 09:42:00+00:00,BTC,63288.0,63443.5859375,63290.0,UP,UP,0.6822,UP,True,966.32
2026-07-07 09:47:00+00:00,BTC,63290.0,63310.23046875,63306.0,UP,UP,0.5255,UP,True,990.97
2026-07-07 09:52:00+00:00,BTC,63306.0,63285.98046875,63241.02,DOWN,DOWN,0.5253,UP,True,1016.04
2026-07-07 09:57:00+00:00,BTC,63241.02,63235.5625,63415.44,DOWN,UP,0.5069,NEUTRAL,False,1009.03
2026-07-07 10:02:00+00:00,BTC,63415.44,63404.30859375,63380.01,DOWN,DOWN,0.514,UP,True,1023.15
2026-07-07 10:07:00+00:00,BTC,63380.01,63383.61328125,63369.99,UP,DOWN,0.5045,UP,False,1018.55
2026-07-07 10:12:00+00:00,BTC,63369.99,63452.37109375,63422.91,UP,UP,0.6017,NEUTRAL,True,1122.14
2026-07-07 10:17:00+00:00,BTC,63422.91,63380.04296875,63377.08,DOWN,DOWN,0.5537,NEUTRAL,True,1182.39
2026-07-07 10:22:00+00:00,BTC,63377.08,63361.234375,63367.25,DOWN,DOWN,0.52,NEUTRAL,True,1206.04
2026-07-07 10:27:00+00:00,BTC,63367.25,63389.87890625,63286.0,UP,DOWN,0.5285,NEUTRAL,False,1171.67
2026-07-07 10:32:00+00:00,BTC,63286.0,63302.6171875,63288.67,UP,UP,0.521,DOWN,True,1196.27
2026-07-07 10:37:00+00:00,BTC,63288.67,63320.1484375,63299.34,UP,UP,0.5397,DOWN,True,1243.77
2026-07-07 10:42:00+00:00,BTC,63299.34,63346.5546875,63268.01,UP,DOWN,0.5592,NEUTRAL,False,1170.14
2026-07-07 10:47:00+00:00,BTC,63268.01,63307.640625,63251.54,UP,DOWN,0.5499,DOWN,False,1111.75
2026-07-07 10:52:00+00:00,BTC,63251.54,63211.08984375,63255.4,DOWN,UP,0.5509,DOWN,False,1055.16
2026-07-07 10:57:00+00:00,BTC,63255.4,63314.953125,63161.99,UP,DOWN,0.5744,NEUTRAL,False,976.65
2026-07-07 11:02:00+00:00,BTC,63161.99,63197.265625,63220.82,UP,UP,0.5445,DOWN,True,1020.12
2026-07-07 11:07:00+00:00,BTC,63220.82,63213.2421875,63157.99,DOWN,DOWN,0.5096,NEUTRAL,True,1029.91
2026-07-07 11:12:00+00:00,BTC,63157.99,63152.6015625,63163.04,DOWN,UP,0.5068,DOWN,False,1022.91
2026-07-07 11:17:00+00:00,BTC,63163.04,63093.0390625,63223.97,DOWN,UP,0.5872,NEUTRAL,False,933.71
2026-07-07 11:22:00+00:00,BTC,63223.97,63226.98828125,63193.99,UP,DOWN,0.5038,UP,False,930.16
2026-07-07 11:27:00+00:00,BTC,63193.99,63134.62890625,63129.06,DOWN,DOWN,0.5743,NEUTRAL,True,999.27
2026-07-07 11:32:00+00:00,BTC,63129.06,63108.4765625,63207.99,DOWN,UP,0.526,DOWN,False,973.29
2026-07-07 11:37:00+00:00,BTC,63207.99,63213.70703125,63194.0,UP,DOWN,0.5072,UP,False,966.28
2026-07-07 11:42:00+00:00,BTC,63194.0,63187.4765625,63347.35,DOWN,UP,0.5083,NEUTRAL,False,958.26
2026-07-07 11:47:00+00:00,BTC,63347.35,63297.71484375,63363.99,DOWN,UP,0.5622,UP,False,898.66
2026-07-07 11:52:00+00:00,BTC,63363.99,63352.8125,63397.85,DOWN,UP,0.5141,UP,False,885.99
2026-07-07 11:57:00+00:00,BTC,63397.85,63324.14453125,63449.99,DOWN,UP,0.5914,UP,False,805.01
2026-07-07 12:02:00+00:00,BTC,63449.99,63449.859375,63730.01,DOWN,UP,0.5002,UP,False,804.85
2026-07-07 12:07:00+00:00,BTC,63730.01,63678.265625,63804.0,DOWN,UP,0.5644,UP,False,753.01
2026-07-07 12:12:00+00:00,BTC,63804.0,63711.609375,63679.58,DOWN,DOWN,0.6127,UP,True,837.88
2026-07-07 12:17:00+00:00,BTC,63679.58,63725.43359375,63744.0,UP,UP,0.5572,NEUTRAL,True,885.81
2026-07-07 12:22:00+00:00,BTC,63744.0,63705.25,63694.01,DOWN,DOWN,0.5484,NEUTRAL,True,928.68
2026-07-07 12:27:00+00:00,BTC,63694.01,63733.12890625,63604.0,UP,DOWN,0.5489,NEUTRAL,False,883.27
2026-07-07 12:32:00+00:00,BTC,63604.0,63570.3515625,63538.0,DOWN,DOWN,0.5422,DOWN,True,920.54
2026-07-07 12:37:00+00:00,BTC,63538.0,63539.75390625,63576.22,UP,UP,0.5022,DOWN,True,922.57
2026-07-07 12:42:00+00:00,BTC,63576.22,63571.8828125,63532.75,DOWN,DOWN,0.5055,NEUTRAL,True,927.64
2026-07-07 12:47:00+00:00,BTC,63532.75,63569.3984375,63524.0,UP,DOWN,0.5459,DOWN,False,885.06
2026-07-07 12:52:00+00:00,BTC,63524.0,63577.375,63493.91,UP,DOWN,0.5666,DOWN,False,826.12
2026-07-07 12:57:00+00:00,BTC,63493.91,63547.7578125,63451.57,UP,DOWN,0.5672,DOWN,False,770.6
2026-07-07 13:02:00+00:00,BTC,63451.57,63454.65625,63331.02,UP,DOWN,0.5039,DOWN,False,767.6
2026-07-07 13:07:00+00:00,BTC,63331.02,63311.66015625,63371.09,DOWN,UP,0.5244,DOWN,False,748.87
2026-07-07 13:12:00+00:00,BTC,63371.09,63324.33984375,63325.99,DOWN,DOWN,0.5586,DOWN,True,792.75
2026-07-07 13:17:00+00:00,BTC,63325.99,63225.375,63253.16,DOWN,DOWN,0.623,NEUTRAL,True,890.26
2026-07-07 13:22:00+00:00,BTC,63253.16,63284.5078125,63117.99,UP,DOWN,0.5395,DOWN,False,855.09
2026-07-07 13:27:00+00:00,BTC,63117.99,63189.53125,63227.99,UP,UP,0.5892,DOWN,True,931.37
2026-07-07 13:32:00+00:00,BTC,63227.99,63219.1171875,63119.99,DOWN,DOWN,0.5112,NEUTRAL,True,941.8
2026-07-07 13:37:00+00:00,BTC,63119.99,63013.9765625,63078.01,DOWN,DOWN,0.6295,DOWN,True,1063.76
2026-07-07 13:42:00+00:00,BTC,63078.01,63070.6484375,63292.0,DOWN,UP,0.5093,NEUTRAL,False,1053.87
2026-07-07 13:47:00+00:00,BTC,63292.0,63352.8046875,63274.28,UP,DOWN,0.5759,UP,False,973.88
2026-07-07 13:52:00+00:00,BTC,63274.28,63316.66796875,63050.0,UP,DOWN,0.5533,NEUTRAL,False,921.97
2026-07-07 13:57:00+00:00,BTC,63050.0,63055.43359375,63122.86,UP,UP,0.5069,DOWN,True,928.33
2026-07-07 14:02:00+00:00,BTC,63122.86,63051.93359375,63120.0,DOWN,DOWN,0.5884,NEUTRAL,True,1010.4
2026-07-07 14:07:00+00:00,BTC,63120.0,63320.58203125,63036.01,UP,DOWN,0.7247,NEUTRAL,False,783.36
2026-07-07 14:12:00+00:00,BTC,63036.01,63037.04296875,63011.38,UP,DOWN,0.5013,DOWN,False,782.34
2026-07-07 14:17:00+00:00,BTC,63011.38,63006.3125,63067.99,DOWN,UP,0.5064,DOWN,False,777.34
2026-07-07 14:22:00+00:00,BTC,63067.99,63140.75390625,63064.01,UP,DOWN,0.5907,NEUTRAL,False,706.83
2026-07-07 14:27:00+00:00,BTC,63064.01,63042.89453125,63111.99,DOWN,UP,0.5267,NEUTRAL,False,687.96
2026-07-07 14:32:00+00:00,BTC,63111.99,63195.6328125,62794.53,UP,DOWN,0.6036,NEUTRAL,False,616.69
2026-07-07 14:37:00+00:00,BTC,62794.53,62913.6875,62928.0,UP,UP,0.6449,DOWN,True,706.04
2026-07-07 14:42:00+00:00,BTC,62928.0,62876.890625,63160.16,DOWN,UP,0.5644,NEUTRAL,False,660.58
2026-07-07 14:47:00+00:00,BTC,63160.16,63123.52734375,63390.93,DOWN,UP,0.5462,UP,False,630.06
2026-07-07 14:52:00+00:00,BTC,63390.93,63297.42578125,63486.79,DOWN,UP,0.6147,UP,False,557.79
2026-07-07 14:57:00+00:00,BTC,63486.79,63517.5078125,63475.15,UP,DOWN,0.5386,UP,False,536.26
2026-07-07 15:02:00+00:00,BTC,63475.15,63458.40234375,63478.22,DOWN,UP,0.5211,UP,False,524.94
2026-07-07 15:07:00+00:00,BTC,63478.22,63450.5234375,63527.78,DOWN,UP,0.5348,NEUTRAL,False,506.68
2026-07-07 15:12:00+00:00,BTC,63527.78,63504.9140625,63579.99,DOWN,UP,0.5287,NEUTRAL,False,492.13
2026-07-07 15:17:00+00:00,BTC,63579.99,63559.00390625,63695.9,DOWN,UP,0.5264,NEUTRAL,False,479.14
2026-07-07 15:22:00+00:00,BTC,63695.9,63686.71484375,63757.54,DOWN,UP,0.5115,NEUTRAL,False,473.63
2026-07-07 15:27:00+00:00,BTC,63757.54,63736.28515625,63745.98,DOWN,DOWN,0.5266,UP,True,486.23
2026-07-07 15:32:00+00:00,BTC,63745.98,63782.50390625,63916.0,UP,UP,0.5456,NEUTRAL,True,508.4
2026-07-07 15:37:00+00:00,BTC,63916.0,63917.82421875,63780.0,UP,DOWN,0.5023,UP,False,507.23
2026-07-07 15:42:00+00:00,BTC,63780.0,63802.984375,64047.99,UP,UP,0.5288,NEUTRAL,True,521.84
2026-07-07 15:47:00+00:00,BTC,64047.99,64017.9609375,64070.0,DOWN,UP,0.5374,UP,False,502.32
2026-07-07 15:52:00+00:00,BTC,64070.0,63999.44921875,63918.65,DOWN,DOWN,0.5867,UP,True,545.88
2026-07-07 15:57:00+00:00,BTC,63918.65,63983.546875,63986.45,UP,UP,0.5801,NEUTRAL,True,589.6
2026-07-07 16:02:00+00:00,BTC,63986.45,63978.13671875,63950.39,DOWN,DOWN,0.5104,NEUTRAL,True,595.73
2026-07-07 16:07:00+00:00,BTC,63950.39,63932.56640625,63878.0,DOWN,DOWN,0.5223,NEUTRAL,True,609.02
2026-07-07 16:12:00+00:00,BTC,63878.0,63931.609375,63872.43,UP,DOWN,0.5665,NEUTRAL,False,568.52
2026-07-07 16:17:00+00:00,BTC,63872.43,63911.19921875,64018.17,UP,UP,0.5483,NEUTRAL,True,595.98
2026-07-07 16:22:00+00:00,BTC,64018.17,63938.75390625,64045.75,DOWN,UP,0.5973,UP,False,537.99
2026-07-07 16:27:00+00:00,BTC,64045.75,64119.40234375,63992.01,UP,DOWN,0.5904,UP,False,489.35
2026-07-07 16:32:00+00:00,BTC,63992.01,63905.19140625,63964.01,DOWN,DOWN,0.6059,NEUTRAL,True,541.18
2026-07-07 16:37:00+00:00,BTC,63964.01,63987.08203125,64018.77,UP,UP,0.5288,NEUTRAL,True,556.76
2026-07-07 16:42:00+00:00,BTC,64018.77,64034.4921875,64026.44,UP,UP,0.5196,NEUTRAL,True,567.68
2026-07-07 16:47:00+00:00,BTC,64026.44,64043.8984375,64170.01,UP,UP,0.5218,NEUTRAL,True,580.05
2026-07-07 16:52:00+00:00,BTC,64170.01,64031.1484375,64035.99,DOWN,DOWN,0.6631,UP,True,674.66
2026-07-07 16:57:00+00:00,BTC,64035.99,64057.9765625,63986.0,UP,DOWN,0.5274,NEUTRAL,False,656.17
2026-07-07 17:02:00+00:00,BTC,63986.0,63930.65625,64093.99,DOWN,UP,0.5685,DOWN,False,611.22
2026-07-07 17:07:00+00:00,BTC,64093.99,64022.56640625,64060.0,DOWN,DOWN,0.5877,UP,True,664.83
2026-07-07 17:12:00+00:00,BTC,64060.0,64035.26953125,63904.22,DOWN,DOWN,0.5308,NEUTRAL,True,685.3
2026-07-07 17:17:00+00:00,BTC,63904.22,63818.15234375,64015.53,DOWN,UP,0.6052,DOWN,False,613.21
2026-07-07 17:22:00+00:00,BTC,64015.53,63961.1953125,64110.42,DOWN,UP,0.5673,NEUTRAL,False,571.94
2026-07-07 17:27:00+00:00,BTC,64110.42,64081.44921875,64096.01,DOWN,DOWN,0.5361,UP,True,592.59
2026-07-07 17:32:00+00:00,BTC,64096.01,64031.140625,64162.0,DOWN,UP,0.5799,NEUTRAL,False,545.24
2026-07-07 17:37:00+00:00,BTC,64162.0,64179.6796875,64171.69,UP,UP,0.522,UP,True,557.24
2026-07-07 17:42:00+00:00,BTC,64171.69,64173.5078125,64158.17,UP,DOWN,0.5023,UP,False,555.95
2026-07-07 17:47:00+00:00,BTC,64158.17,64120.70703125,64181.39,DOWN,UP,0.5465,NEUTRAL,False,530.1
2026-07-07 17:52:00+00:00,BTC,64181.39,64192.69140625,64185.99,UP,UP,0.5141,NEUTRAL,True,537.58
2026-07-07 17:57:00+00:00,BTC,64185.99,64253.99609375,64084.0,UP,DOWN,0.5835,NEUTRAL,False,492.69
2026-07-07 18:02:00+00:00,BTC,64084.0,64128.3515625,64024.96,UP,DOWN,0.555,DOWN,False,465.59
2026-07-07 18:07:00+00:00,BTC,64024.96,64015.87109375,64040.66,DOWN,UP,0.5114,DOWN,False,460.28
2026-07-07 18:12:00+00:00,BTC,64040.66,64076.515625,64007.99,UP,DOWN,0.5446,DOWN,False,439.76
2026-07-07 18:17:00+00:00,BTC,64007.99,63997.00390625,64129.8,DOWN,UP,0.5137,DOWN,False,433.73
2026-07-07 18:22:00+00:00,BTC,64129.8,64061.7578125,64012.0,DOWN,DOWN,0.5836,UP,True,469.99
2026-07-07 18:27:00+00:00,BTC,64012.0,63973.1640625,64000.0,DOWN,DOWN,0.5483,DOWN,True,492.69
2026-07-07 18:32:00+00:00,BTC,64000.0,63910.2265625,64026.0,DOWN,UP,0.6094,DOWN,False,438.79
2026-07-07 18:37:00+00:00,BTC,64026.0,64021.328125,64016.65,DOWN,DOWN,0.5058,NEUTRAL,True,441.34
2026-07-07 18:42:00+00:00,BTC,64016.65,64013.15625,64108.0,DOWN,UP,0.5044,NEUTRAL,False,439.39
2026-07-07 18:47:00+00:00,BTC,64108.0,64112.72265625,63692.96,UP,DOWN,0.5059,UP,False,436.8
2026-07-07 18:52:00+00:00,BTC,63692.96,63483.41796875,63725.76,DOWN,UP,0.7308,DOWN,False,335.99
2026-07-07 18:57:00+00:00,BTC,63725.76,63755.81640625,63732.0,UP,UP,0.5376,DOWN,True,348.62
2026-07-07 19:02:00+00:00,BTC,63732.0,63780.0546875,63632.0,UP,DOWN,0.5599,DOWN,False,327.74
2026-07-07 19:07:00+00:00,BTC,63632.0,63704.46875,63533.24,UP,DOWN,0.5896,NEUTRAL,False,298.37
2026-07-07 19:12:00+00:00,BTC,63533.24,63550.83984375,63486.3,UP,DOWN,0.5221,DOWN,False,291.78
2026-07-07 19:17:00+00:00,BTC,63486.3,63641.26953125,63546.01,UP,UP,0.6811,DOWN,True,344.62
2026-07-07 19:22:00+00:00,BTC,63546.01,63587.08203125,63633.99,UP,UP,0.5514,NEUTRAL,True,362.33
2026-07-07 19:27:00+00:00,BTC,63633.99,63812.109375,63720.55,UP,UP,0.7031,NEUTRAL,True,435.92
2026-07-07 19:32:00+00:00,BTC,63720.55,63714.921875,63758.0,DOWN,UP,0.5071,UP,False,432.83
2026-07-07 19:37:00+00:00,BTC,63758.0,63759.046875,63786.01,UP,UP,0.5013,UP,True,433.39
2026-07-07 19:42:00+00:00,BTC,63786.01,63824.81640625,63840.93,UP,UP,0.5484,UP,True,454.37
2026-07-07 19:47:00+00:00,BTC,63840.93,63923.35546875,63845.03,UP,UP,0.6011,UP,True,500.3
2026-07-07 19:52:00+00:00,BTC,63845.03,63822.62109375,63794.01,DOWN,DOWN,0.528,NEUTRAL,True,514.31
2026-07-07 19:57:00+00:00,BTC,63794.01,63819.70703125,63818.0,UP,UP,0.5322,NEUTRAL,True,530.87
2026-07-07 20:02:00+00:00,BTC,63818.0,63897.296875,63708.24,UP,DOWN,0.5974,NEUTRAL,False,479.17
2026-07-07 20:07:00+00:00,BTC,63708.24,63710.3046875,63743.25,UP,UP,0.5026,DOWN,True,480.41
2026-07-07 20:12:00+00:00,BTC,63743.25,63818.53515625,63750.0,UP,UP,0.5928,DOWN,True,524.99
2026-07-07 20:17:00+00:00,BTC,63750.0,63736.14453125,63712.01,DOWN,DOWN,0.5174,NEUTRAL,True,534.13
2026-07-07 20:22:00+00:00,BTC,63712.01,63715.23828125,63749.24,UP,UP,0.5041,DOWN,True,536.32
2026-07-07 20:27:00+00:00,BTC,63749.24,63837.2578125,63655.99,UP,DOWN,0.6077,NEUTRAL,False,478.56
2026-07-07 20:32:00+00:00,BTC,63655.99,63679.8671875,63677.5,UP,UP,0.53,DOWN,True,492.91
2026-07-07 20:37:00+00:00,BTC,63677.5,63702.33984375,63679.03,UP,UP,0.5311,DOWN,True,508.24
2026-07-07 20:42:00+00:00,BTC,63679.03,63584.98828125,63649.1,DOWN,DOWN,0.6148,NEUTRAL,True,566.59
2026-07-07 20:47:00+00:00,BTC,63649.1,63593.984375,63639.99,DOWN,DOWN,0.5686,DOWN,True,605.46
2026-07-07 20:52:00+00:00,BTC,63639.99,63427.62109375,63669.85,DOWN,UP,0.7333,DOWN,False,464.2
2026-07-07 20:57:00+00:00,BTC,63669.85,63661.6015625,63769.3,DOWN,UP,0.5104,NEUTRAL,False,459.38
2026-07-07 21:02:00+00:00,BTC,63769.3,63802.8125,63812.0,UP,UP,0.5419,UP,True,478.62
2026-07-07 21:07:00+00:00,BTC,63812.0,63793.78515625,63808.0,DOWN,DOWN,0.5228,UP,True,489.54
2026-07-07 21:12:00+00:00,BTC,63808.0,63804.1796875,63559.04,DOWN,DOWN,0.5048,UP,True,491.89
2026-07-07 21:17:00+00:00,BTC,63559.04,63593.32421875,63516.17,UP,DOWN,0.543,DOWN,False,470.74
2026-07-07 21:22:00+00:00,BTC,63516.17,63555.23828125,63480.66,UP,DOWN,0.549,DOWN,False,447.67
2026-07-07 21:27:00+00:00,BTC,63480.66,63557.68359375,63514.0,UP,UP,0.5952,DOWN,True,490.29
2026-07-07 21:32:00+00:00,BTC,63514.0,63503.171875,63388.0,DOWN,DOWN,0.5136,NEUTRAL,True,496.96
2026-07-07 21:37:00+00:00,BTC,63388.0,63552.57421875,63370.66,UP,DOWN,0.6909,NEUTRAL,False,402.09
2026-07-07 21:42:00+00:00,BTC,63370.66,63358.1640625,63472.92,DOWN,UP,0.5158,DOWN,False,395.73
2026-07-07 21:47:00+00:00,BTC,63472.92,63418.9609375,63433.54,DOWN,DOWN,0.5674,NEUTRAL,True,422.41
2026-07-07 21:52:00+00:00,BTC,63433.54,63398.6640625,63391.67,DOWN,DOWN,0.5438,NEUTRAL,True,440.91
2026-07-07 21:57:00+00:00,BTC,63391.67,63344.8359375,63370.7,DOWN,DOWN,0.5587,NEUTRAL,True,466.79
2026-07-07 22:02:00+00:00,BTC,63370.7,63363.90625,63394.0,DOWN,UP,0.5086,DOWN,False,462.78
2026-07-07 22:07:00+00:00,BTC,63394.0,63363.76953125,63458.0,DOWN,UP,0.538,NEUTRAL,False,445.19
2026-07-07 22:12:00+00:00,BTC,63458.0,63459.27734375,63487.63,UP,UP,0.5016,UP,True,445.9
2026-07-07 22:17:00+00:00,BTC,63487.63,63496.36328125,63480.0,UP,DOWN,0.511,UP,False,441.0
2026-07-07 22:22:00+00:00,BTC,63480.0,63437.6328125,63414.0,DOWN,DOWN,0.5531,NEUTRAL,True,464.41
2026-07-07 22:27:00+00:00,BTC,63414.0,63395.6015625,63503.17,DOWN,UP,0.5232,NEUTRAL,False,453.64
2026-07-07 22:32:00+00:00,BTC,63503.17,63501.3046875,63621.71,DOWN,UP,0.5023,UP,False,452.6
2026-07-07 22:37:00+00:00,BTC,63621.71,63672.75,63613.99,UP,DOWN,0.5636,UP,False,423.81
2026-07-07 22:42:00+00:00,BTC,63613.99,63624.62890625,63563.14,UP,DOWN,0.5134,UP,False,418.13
2026-07-07 22:47:00+00:00,BTC,63563.14,63637.55078125,63576.38,UP,UP,0.592,NEUTRAL,True,456.6
2026-07-07 22:52:00+00:00,BTC,63576.38,63543.734375,63531.2,DOWN,DOWN,0.5409,NEUTRAL,True,475.28
2026-07-07 22:57:00+00:00,BTC,63531.2,63442.53515625,63598.88,DOWN,UP,0.6088,NEUTRAL,False,423.57
2026-07-07 23:02:00+00:00,BTC,63598.88,63636.0,63642.0,UP,UP,0.5465,UP,True,443.26
2026-07-07 23:07:00+00:00,BTC,63642.0,63640.8984375,63616.18,DOWN,DOWN,0.5014,UP,True,443.88
2026-07-07 23:12:00+00:00,BTC,63616.18,63656.953125,63708.0,UP,UP,0.551,NEUTRAL,True,466.52
2026-07-07 23:17:00+00:00,BTC,63708.0,63719.96484375,63673.99,UP,DOWN,0.515,UP,False,459.52
2026-07-07 23:22:00+00:00,BTC,63673.99,63662.2421875,63639.99,DOWN,DOWN,0.5148,NEUTRAL,True,466.32
2026-07-07 23:27:00+00:00,BTC,63639.99,63635.40234375,63561.6,DOWN,DOWN,0.5058,NEUTRAL,True,469.03
2026-07-07 23:32:00+00:00,BTC,63561.6,63539.62109375,63574.0,DOWN,UP,0.5276,DOWN,False,456.08
2026-07-07 23:37:00+00:00,BTC,63574.0,63605.359375,63510.85,UP,DOWN,0.5393,DOWN,False,438.16
2026-07-07 23:42:00+00:00,BTC,63510.85,63539.62109375,63436.0,UP,DOWN,0.5361,DOWN,False,422.34
2026-07-07 23:47:00+00:00,BTC,63436.0,63448.4609375,63410.0,UP,DOWN,0.5157,DOWN,False,415.71
2026-07-07 23:52:00+00:00,BTC,63410.0,63358.9921875,63339.49,DOWN,DOWN,0.5638,DOWN,True,442.23
2026-07-07 23:57:00+00:00,BTC,63339.49,63308.65625,63336.0,DOWN,DOWN,0.5388,DOWN,True,459.39
2026-07-08 00:02:00+00:00,BTC,63336.0,63380.23046875,63428.97,UP,UP,0.5555,DOWN,True,484.89
2026-07-08 00:07:00+00:00,BTC,63428.97,63435.1796875,63474.0,UP,UP,0.5078,NEUTRAL,True,488.67
2026-07-08 00:12:00+00:00,BTC,63474.0,63417.66796875,63447.39,DOWN,DOWN,0.5703,UP,True,523.02
2026-07-08 00:17:00+00:00,BTC,63447.39,63369.40625,63562.0,DOWN,UP,0.5964,NEUTRAL,False,472.6
2026-07-08 00:22:00+00:00,BTC,63562.0,63643.77734375,63630.0,UP,UP,0.6007,UP,True,520.19
2026-07-08 00:27:00+00:00,BTC,63630.0,63703.8046875,63597.99,UP,DOWN,0.5912,UP,False,472.75
2026-07-08 00:32:00+00:00,BTC,63597.99,63559.5234375,63639.15,DOWN,UP,0.5482,UP,False,449.97
2026-07-08 00:37:00+00:00,BTC,63639.15,63661.85546875,63667.99,UP,UP,0.5285,NEUTRAL,True,462.79
2026-07-08 00:42:00+00:00,BTC,63667.99,63563.3671875,63663.99,DOWN,DOWN,0.6269,UP,True,521.52
2026-07-08 00:47:00+00:00,BTC,63663.99,63683.86328125,63639.95,UP,DOWN,0.5249,NEUTRAL,False,508.53
2026-07-08 00:52:00+00:00,BTC,63639.95,63665.99609375,63634.0,UP,DOWN,0.5327,NEUTRAL,False,491.9
2026-07-08 00:57:00+00:00,BTC,63634.0,63815.84375,63570.0,UP,DOWN,0.7066,NEUTRAL,False,390.28
2026-07-08 01:02:00+00:00,BTC,63570.0,63623.72265625,63489.97,UP,DOWN,0.567,DOWN,False,364.13
2026-07-08 01:07:00+00:00,BTC,63489.97,63503.3203125,63567.99,UP,UP,0.5168,DOWN,True,370.24
2026-07-08 01:12:00+00:00,BTC,63567.99,63548.796875,63548.0,DOWN,DOWN,0.5241,NEUTRAL,True,379.17
2026-07-08 01:17:00+00:00,BTC,63548.0,63586.5546875,63587.31,UP,UP,0.5483,NEUTRAL,True,397.48
2026-07-08 01:22:00+00:00,BTC,63587.31,63633.109375,63537.4,UP,DOWN,0.5572,NEUTRAL,False,374.75
2026-07-08 01:27:00+00:00,BTC,63537.4,63515.1484375,63422.0,DOWN,DOWN,0.528,NEUTRAL,True,385.24
2026-07-08 01:32:00+00:00,BTC,63422.0,63425.171875,62924.45,UP,DOWN,0.504,DOWN,False,383.7
2026-07-08 01:37:00+00:00,BTC,62924.45,62926.3671875,63088.3,UP,UP,0.5024,DOWN,True,384.62
2026-07-08 01:42:00+00:00,BTC,63088.3,63210.2109375,63196.46,UP,UP,0.6473,DOWN,True,441.27
2026-07-08 01:47:00+00:00,BTC,63196.46,63222.5078125,63206.0,UP,UP,0.5329,NEUTRAL,True,455.79
2026-07-08 01:52:00+00:00,BTC,63206.0,63171.39453125,63058.11,DOWN,DOWN,0.5436,NEUTRAL,True,475.66
2026-07-08 01:57:00+00:00,BTC,63058.11,63043.30078125,62875.01,DOWN,DOWN,0.5188,DOWN,True,484.61
2026-07-08 02:02:00+00:00,BTC,62875.01,62941.9296875,62976.3,UP,UP,0.5839,DOWN,True,525.26
2026-07-08 02:07:00+00:00,BTC,62976.3,62962.71875,62896.15,DOWN,DOWN,0.5172,NEUTRAL,True,534.3
2026-07-08 02:12:00+00:00,BTC,62896.15,62952.703125,62906.22,UP,UP,0.5712,NEUTRAL,True,572.34
2026-07-08 02:17:00+00:00,BTC,62906.22,62934.49609375,62849.99,UP,DOWN,0.5359,NEUTRAL,False,551.79
2026-07-08 02:22:00+00:00,BTC,62849.99,62917.01953125,62939.99,UP,UP,0.584,NEUTRAL,True,598.14
2026-07-08 02:27:00+00:00,BTC,62939.99,63097.16015625,62750.01,UP,DOWN,0.6847,NEUTRAL,False,487.67
2026-07-08 02:32:00+00:00,BTC,62750.01,62840.13671875,62780.52,UP,UP,0.6118,DOWN,True,542.19
2026-07-08 02:37:00+00:00,BTC,62780.52,62848.83203125,62946.94,UP,UP,0.5857,DOWN,True,588.65
2026-07-08 02:42:00+00:00,BTC,62946.94,62882.79296875,63013.84,DOWN,UP,0.5804,UP,False,541.33
2026-07-08 02:47:00+00:00,BTC,63013.84,63062.546875,62934.6,UP,DOWN,0.5613,UP,False,508.14
2026-07-08 02:52:00+00:00,BTC,62934.6,62975.48046875,62981.07,UP,UP,0.5517,NEUTRAL,True,534.41
2026-07-08 02:57:00+00:00,BTC,62981.07,63080.6640625,63085.72,UP,UP,0.6225,NEUTRAL,True,599.88
2026-07-08 03:02:00+00:00,BTC,63085.72,63003.6640625,63000.29,DOWN,DOWN,0.6018,UP,True,660.95
2026-07-08 03:07:00+00:00,BTC,63000.29,62959.09375,63094.0,DOWN,UP,0.552,NEUTRAL,False,626.58
2026-07-08 03:12:00+00:00,BTC,63094.0,63033.6640625,63006.6,DOWN,DOWN,0.5756,UP,True,673.95
2026-07-08 03:17:00+00:00,BTC,63006.6,62994.80859375,63021.19,DOWN,UP,0.515,NEUTRAL,False,663.84
2026-07-08 03:22:00+00:00,BTC,63021.19,63056.5390625,63034.14,UP,UP,0.5447,NEUTRAL,True,693.51
2026-07-08 03:27:00+00:00,BTC,63034.14,63025.46875,62962.79,DOWN,DOWN,0.511,NEUTRAL,True,701.14
2026-07-08 03:32:00+00:00,BTC,62962.79,62958.6796875,62987.48,DOWN,UP,0.5052,DOWN,False,697.49
2026-07-08 03:37:00+00:00,BTC,62987.48,62852.21875,62952.58,DOWN,DOWN,0.662,NEUTRAL,True,810.49
2026-07-08 03:42:00+00:00,BTC,62952.58,62880.95703125,62939.55,DOWN,DOWN,0.5895,DOWN,True,883.03
2026-07-08 03:47:00+00:00,BTC,62939.55,62987.5,62793.72,UP,DOWN,0.5605,DOWN,False,829.6
2026-07-08 03:52:00+00:00,BTC,62793.72,62687.66796875,62762.89,DOWN,DOWN,0.6302,DOWN,True,937.62
2026-07-08 03:57:00+00:00,BTC,62762.89,62804.51171875,62760.84,UP,DOWN,0.5527,DOWN,False,888.21
2026-07-08 04:02:00+00:00,BTC,62760.84,62760.26953125,62814.0,DOWN,UP,0.5007,NEUTRAL,False,887.58
2026-07-08 04:07:00+00:00,BTC,62814.0,62881.80859375,62842.02,UP,UP,0.585,NEUTRAL,True,963.03
2026-07-08 04:12:00+00:00,BTC,62842.02,62826.33984375,62808.01,DOWN,DOWN,0.5199,NEUTRAL,True,982.19
2026-07-08 04:17:00+00:00,BTC,62808.01,62730.48828125,62853.99,DOWN,UP,0.5968,NEUTRAL,False,887.12
2026-07-08 04:22:00+00:00,BTC,62853.99,62800.1328125,62869.42,DOWN,UP,0.5679,UP,False,826.88
2026-07-08 04:27:00+00:00,BTC,62869.42,62794.08203125,62884.63,DOWN,UP,0.5941,UP,False,749.07
2026-07-08 04:32:00+00:00,BTC,62884.63,62893.7421875,62745.23,UP,DOWN,0.5116,UP,False,740.38
2026-07-08 04:37:00+00:00,BTC,62745.23,62599.74609375,62776.01,DOWN,UP,0.6732,DOWN,False,612.15
2026-07-08 04:42:00+00:00,BTC,62776.01,62690.51171875,62746.0,DOWN,DOWN,0.6063,DOWN,True,677.22
2026-07-08 04:47:00+00:00,BTC,62746.0,62747.91015625,62718.0,UP,DOWN,0.5024,DOWN,False,675.59
2026-07-08 04:52:00+00:00,BTC,62718.0,62736.01171875,62755.47,UP,UP,0.5229,DOWN,True,691.07
2026-07-08 04:57:00+00:00,BTC,62755.47,62747.74609375,62761.99,DOWN,UP,0.5098,NEUTRAL,False,684.29
2026-07-08 05:02:00+00:00,BTC,62761.99,62638.60546875,62828.01,DOWN,UP,0.6496,NEUTRAL,False,581.92
2026-07-08 05:07:00+00:00,BTC,62828.01,62800.60546875,62806.0,DOWN,DOWN,0.5348,UP,True,602.17
2026-07-08 05:12:00+00:00,BTC,62806.0,62874.20703125,62780.0,UP,DOWN,0.5855,NEUTRAL,False,550.69
2026-07-08 05:17:00+00:00,BTC,62780.0,62710.21875,62786.01,DOWN,UP,0.5875,NEUTRAL,False,502.5
2026-07-08 05:22:00+00:00,BTC,62786.01,62774.9140625,62746.28,DOWN,DOWN,0.5141,NEUTRAL,True,509.59
2026-07-08 05:27:00+00:00,BTC,62746.28,62748.70703125,62700.18,UP,DOWN,0.5031,DOWN,False,508.01
2026-07-08 05:32:00+00:00,BTC,62700.18,62744.171875,62706.17,UP,UP,0.5558,DOWN,True,536.35
2026-07-08 05:37:00+00:00,BTC,62706.17,62732.86328125,62640.57,UP,DOWN,0.534,DOWN,False,518.12
2026-07-08 05:42:00+00:00,BTC,62640.57,62644.0,62580.56,UP,DOWN,0.5044,DOWN,False,515.84
2026-07-08 05:47:00+00:00,BTC,62580.56,62593.33984375,62580.66,UP,UP,0.5163,DOWN,True,524.25
2026-07-08 05:52:00+00:00,BTC,62580.66,62616.015625,62652.0,UP,UP,0.545,DOWN,True,547.84
2026-07-08 05:57:00+00:00,BTC,62652.0,62586.5,62617.99,DOWN,DOWN,0.5824,NEUTRAL,True,592.98
2026-07-08 06:02:00+00:00,BTC,62617.99,62502.00390625,62618.34,DOWN,UP,0.6418,NEUTRAL,False,508.9
2026-07-08 06:07:00+00:00,BTC,62618.34,62538.94140625,62584.99,DOWN,DOWN,0.5993,NEUTRAL,True,559.43
2026-07-08 06:12:00+00:00,BTC,62584.99,62601.14453125,62602.99,UP,UP,0.5206,NEUTRAL,True,570.95
2026-07-08 06:17:00+00:00,BTC,62602.99,62619.65234375,62562.52,UP,DOWN,0.5213,NEUTRAL,False,558.79
2026-07-08 06:22:00+00:00,BTC,62562.52,62466.2265625,62690.01,DOWN,UP,0.6194,DOWN,False,492.07
2026-07-08 06:27:00+00:00,BTC,62690.01,62665.90234375,62633.14,DOWN,DOWN,0.5307,UP,True,507.18
2026-07-08 06:32:00+00:00,BTC,62633.14,62643.40625,62545.17,UP,DOWN,0.5131,NEUTRAL,False,500.53
2026-07-08 06:37:00+00:00,BTC,62545.17,62552.1796875,62536.65,UP,DOWN,0.509,DOWN,False,496.03
2026-07-08 06:42:00+00:00,BTC,62536.65,62599.8359375,62568.72,UP,UP,0.5797,DOWN,True,535.56
2026-07-08 06:47:00+00:00,BTC,62568.72,62542.16015625,62714.27,DOWN,UP,0.5339,NEUTRAL,False,517.41
2026-07-08 06:52:00+00:00,BTC,62714.27,62863.17578125,62645.0,UP,DOWN,0.6769,UP,False,425.88
2026-07-08 06:57:00+00:00,BTC,62645.0,62637.13671875,62592.42,DOWN,DOWN,0.51,NEUTRAL,True,430.14
2026-07-08 07:02:00+00:00,BTC,62592.42,62620.7109375,62572.0,UP,DOWN,0.5361,DOWN,False,414.61
2026-07-08 07:07:00+00:00,BTC,62572.0,62559.8125,62682.86,DOWN,UP,0.5156,DOWN,False,408.14
2026-07-08 07:12:00+00:00,BTC,62682.86,62696.68359375,62701.98,UP,UP,0.5176,UP,True,415.32
2026-07-08 07:17:00+00:00,BTC,62701.98,62723.57421875,62702.74,UP,UP,0.5275,UP,True,426.75
2026-07-08 07:22:00+00:00,BTC,62702.74,62678.921875,62790.71,DOWN,UP,0.5303,UP,False,413.82
2026-07-08 07:27:00+00:00,BTC,62790.71,62814.30859375,62836.0,UP,UP,0.53,UP,True,426.23
2026-07-08 07:32:00+00:00,BTC,62836.0,62841.9609375,62831.14,UP,DOWN,0.5076,UP,False,422.99
2026-07-08 07:37:00+00:00,BTC,62831.14,62810.93359375,62782.01,DOWN,DOWN,0.5257,NEUTRAL,True,433.86
2026-07-08 07:42:00+00:00,BTC,62782.01,62781.5078125,62824.71,DOWN,UP,0.5006,NEUTRAL,False,433.6
2026-07-08 07:47:00+00:00,BTC,62824.71,62818.203125,62848.01,DOWN,UP,0.5083,NEUTRAL,False,430.0
2026-07-08 07:52:00+00:00,BTC,62848.01,62913.90234375,62873.02,UP,UP,0.5827,UP,True,465.56
2026-07-08 07:57:00+00:00,BTC,62873.02,62908.86328125,62886.94,UP,UP,0.5454,UP,True,486.7
2026-07-08 08:02:00+00:00,BTC,62886.94,62926.16015625,62837.24,UP,DOWN,0.5496,NEUTRAL,False,462.56
2026-07-08 08:07:00+00:00,BTC,62837.24,62801.92578125,62795.65,DOWN,DOWN,0.5448,NEUTRAL,True,483.28
2026-07-08 08:12:00+00:00,BTC,62795.65,62813.375,62402.75,UP,DOWN,0.5226,DOWN,False,472.36
2026-07-08 08:17:00+00:00,BTC,62402.75,62586.22265625,62316.0,UP,DOWN,0.7114,DOWN,False,372.5
2026-07-08 08:22:00+00:00,BTC,62316.0,62291.12109375,62153.79,DOWN,DOWN,0.5319,DOWN,True,384.39
2026-07-08 08:27:00+00:00,BTC,62153.79,62375.375,62011.45,UP,DOWN,0.745,DOWN,False,290.21
2026-07-08 08:32:00+00:00,BTC,62011.45,61860.65234375,61928.0,DOWN,DOWN,0.6805,DOWN,True,342.59
2026-07-08 08:37:00+00:00,BTC,61928.0,61872.2578125,61945.83,DOWN,UP,0.5712,NEUTRAL,False,318.2
2026-07-08 08:42:00+00:00,BTC,61945.83,61918.1875,62283.23,DOWN,UP,0.5356,NEUTRAL,False,306.87
2026-07-08 08:47:00+00:00,BTC,62283.23,62196.375,62184.01,DOWN,DOWN,0.6088,UP,True,340.26
2026-07-08 08:52:00+00:00,BTC,62184.01,62212.01953125,62052.0,UP,DOWN,0.5359,NEUTRAL,False,328.05
2026-07-08 08:57:00+00:00,BTC,62052.0,62019.4921875,62058.2,DOWN,UP,0.5418,NEUTRAL,False,314.33
2026-07-08 09:02:00+00:00,BTC,62058.2,61978.7734375,61978.32,DOWN,DOWN,0.6002,DOWN,True,345.83
2026-07-08 09:07:00+00:00,BTC,61978.32,62041.83203125,61920.24,UP,DOWN,0.5809,DOWN,False,317.85
2026-07-08 09:12:00+00:00,BTC,61920.24,61879.83203125,61794.0,DOWN,DOWN,0.5519,DOWN,True,334.35
2026-07-08 09:17:00+00:00,BTC,61794.0,61774.87109375,61820.02,DOWN,UP,0.5247,DOWN,False,326.09
2026-07-08 09:22:00+00:00,BTC,61820.02,61955.59765625,61889.03,UP,UP,0.665,DOWN,True,379.9
2026-07-08 09:27:00+00:00,BTC,61889.03,62082.625,62100.0,UP,UP,0.722,NEUTRAL,True,464.23
2026-07-08 09:32:00+00:00,BTC,62100.0,62184.109375,62078.0,UP,DOWN,0.6058,UP,False,415.12
2026-07-08 09:37:00+00:00,BTC,62078.0,61966.734375,62139.79,DOWN,UP,0.6375,UP,False,358.04
2026-07-08 09:42:00+00:00,BTC,62139.79,62057.96484375,62122.2,DOWN,DOWN,0.603,UP,True,394.92
2026-07-08 09:47:00+00:00,BTC,62122.2,62097.57421875,62120.01,DOWN,DOWN,0.5316,UP,True,407.4
2026-07-08 09:52:00+00:00,BTC,62120.01,62084.515625,62075.82,DOWN,DOWN,0.5455,NEUTRAL,True,425.93
2026-07-08 09:57:00+00:00,BTC,62075.82,62147.9140625,62000.51,UP,DOWN,0.5913,NEUTRAL,False,387.04
2026-07-08 10:02:00+00:00,BTC,62000.51,61945.7578125,61922.88,DOWN,DOWN,0.5699,DOWN,True,414.1
2026-07-08 10:07:00+00:00,BTC,61922.88,61942.09375,61956.83,UP,UP,0.5248,DOWN,True,424.37
2026-07-08 10:12:00+00:00,BTC,61956.83,61888.49609375,62030.0,DOWN,UP,0.5868,DOWN,False,387.53
2026-07-08 10:17:00+00:00,BTC,62030.0,61957.390625,62057.37,DOWN,UP,0.592,NEUTRAL,False,351.88
2026-07-08 10:22:00+00:00,BTC,62057.37,62002.08203125,62087.47,DOWN,UP,0.5705,UP,False,327.07
2026-07-08 10:27:00+00:00,BTC,62087.47,62092.00390625,62102.01,UP,UP,0.5058,UP,True,328.97
2026-07-08 10:32:00+00:00,BTC,62102.01,62060.1640625,62105.15,DOWN,UP,0.5536,UP,False,311.34
2026-07-08 10:37:00+00:00,BTC,62105.15,62026.15625,62136.0,DOWN,UP,0.5996,NEUTRAL,False,280.33
2026-07-08 10:42:00+00:00,BTC,62136.0,62142.91015625,62132.04,UP,DOWN,0.5089,NEUTRAL,False,277.83
2026-07-08 10:47:00+00:00,BTC,62132.04,62100.12109375,62171.92,DOWN,UP,0.541,NEUTRAL,False,266.44
2026-07-08 10:52:00+00:00,BTC,62171.92,62077.359375,62154.0,DOWN,DOWN,0.6181,NEUTRAL,True,297.91
2026-07-08 10:57:00+00:00,BTC,62154.0,62201.33984375,62148.31,UP,DOWN,0.5605,NEUTRAL,False,279.89
2026-07-08 11:02:00+00:00,BTC,62148.31,62144.5,62159.58,DOWN,UP,0.5049,NEUTRAL,False,278.51
2026-07-08 11:07:00+00:00,BTC,62159.58,62259.02734375,62127.99,UP,DOWN,0.6238,NEUTRAL,False,244.03
2026-07-08 11:12:00+00:00,BTC,62127.99,62054.3203125,62090.01,DOWN,DOWN,0.5931,NEUTRAL,True,266.75
2026-07-08 11:17:00+00:00,BTC,62090.01,62104.01953125,62116.22,UP,UP,0.518,DOWN,True,271.55
2026-07-08 11:22:00+00:00,BTC,62116.22,62078.53515625,62067.99,DOWN,DOWN,0.5483,NEUTRAL,True,284.67
2026-07-08 11:27:00+00:00,BTC,62067.99,61918.48828125,62086.65,DOWN,UP,0.6791,DOWN,False,233.69
2026-07-08 11:32:00+00:00,BTC,62086.65,62033.421875,62153.99,DOWN,UP,0.5679,NEUTRAL,False,217.82
2026-07-08 11:37:00+00:00,BTC,62153.99,62165.16015625,62141.53,UP,DOWN,0.5144,NEUTRAL,False,214.68
2026-07-08 11:42:00+00:00,BTC,62141.53,62153.13671875,62299.13,UP,UP,0.5149,NEUTRAL,True,217.88
2026-07-08 11:47:00+00:00,BTC,62299.13,62296.71484375,62291.57,DOWN,DOWN,0.5031,UP,True,218.56
2026-07-08 11:52:00+00:00,BTC,62291.57,62293.33984375,62282.31,UP,DOWN,0.5023,UP,False,218.05
2026-07-08 11:57:00+00:00,BTC,62282.31,62327.65625,62260.08,UP,DOWN,0.5578,NEUTRAL,False,205.45
2026-07-08 12:02:00+00:00,BTC,62260.08,62361.7109375,62388.85,UP,UP,0.6261,NEUTRAL,True,231.36
2026-07-08 12:07:00+00:00,BTC,62388.85,62364.140625,62382.76,DOWN,DOWN,0.5316,UP,True,238.67
2026-07-08 12:12:00+00:00,BTC,62382.76,62344.7265625,62347.99,DOWN,DOWN,0.5485,UP,True,250.24
2026-07-08 12:17:00+00:00,BTC,62347.99,62333.8203125,62268.06,DOWN,DOWN,0.5182,NEUTRAL,True,254.8
2026-07-08 12:22:00+00:00,BTC,62268.06,62257.30078125,62238.81,DOWN,DOWN,0.5138,DOWN,True,258.31
2026-07-08 12:27:00+00:00,BTC,62238.81,62179.66796875,62200.0,DOWN,DOWN,0.5751,DOWN,True,277.71
2026-07-08 12:32:00+00:00,BTC,62200.0,62139.98828125,62137.17,DOWN,DOWN,0.5762,DOWN,True,298.88
2026-07-08 12:37:00+00:00,BTC,62137.17,62109.89453125,62110.01,DOWN,DOWN,0.535,DOWN,True,309.34
2026-07-08 12:42:00+00:00,BTC,62110.01,62121.66796875,62091.99,UP,DOWN,0.515,DOWN,False,304.7
2026-07-08 12:47:00+00:00,BTC,62091.99,62042.24609375,62085.48,DOWN,DOWN,0.5635,DOWN,True,324.04
2026-07-08 12:52:00+00:00,BTC,62085.48,62155.53125,62017.3,UP,DOWN,0.5888,NEUTRAL,False,295.27
2026-07-08 12:57:00+00:00,BTC,62017.3,62012.7265625,61951.42,DOWN,DOWN,0.5059,NEUTRAL,True,297.01
2026-07-08 13:02:00+00:00,BTC,61951.42,62028.73046875,61855.72,UP,DOWN,0.5978,DOWN,False,267.96
2026-07-08 13:07:00+00:00,BTC,61855.72,61732.55859375,61935.99,DOWN,UP,0.6514,DOWN,False,227.39
2026-07-08 13:12:00+00:00,BTC,61935.99,61931.8125,61912.01,DOWN,DOWN,0.5054,NEUTRAL,True,228.62
2026-07-08 13:17:00+00:00,BTC,61912.01,61940.5234375,61872.58,UP,DOWN,0.5367,NEUTRAL,False,220.23
2026-07-08 13:22:00+00:00,BTC,61872.58,61876.69921875,61838.0,UP,DOWN,0.5053,NEUTRAL,False,219.06
2026-07-08 13:27:00+00:00,BTC,61838.0,61855.296875,62030.0,UP,UP,0.5224,DOWN,True,223.97
2026-07-08 13:32:00+00:00,BTC,62030.0,62102.4296875,62070.15,UP,UP,0.5918,UP,True,244.53
2026-07-08 13:37:00+00:00,BTC,62070.15,62103.12890625,61980.78,UP,DOWN,0.5423,UP,False,234.19
2026-07-08 13:42:00+00:00,BTC,61980.78,61971.76171875,61805.42,DOWN,DOWN,0.5116,NEUTRAL,True,236.91
2026-07-08 13:47:00+00:00,BTC,61805.42,61780.3125,61692.74,DOWN,DOWN,0.5324,DOWN,True,244.58
2026-07-08 13:52:00+00:00,BTC,61692.74,61781.5234375,61807.71,UP,UP,0.6121,DOWN,True,272.0
2026-07-08 13:57:00+00:00,BTC,61807.71,61827.06640625,61941.7,UP,UP,0.525,NEUTRAL,True,278.8
2026-07-08 14:02:00+00:00,BTC,61941.7,61907.671875,61997.7,DOWN,UP,0.5438,UP,False,266.59
2026-07-08 14:07:00+00:00,BTC,61997.7,62030.015625,62059.99,UP,UP,0.5415,UP,True,277.65
2026-07-08 14:12:00+00:00,BTC,62059.99,62075.609375,61904.0,UP,DOWN,0.5201,UP,False,272.07
2026-07-08 14:17:00+00:00,BTC,61904.0,61926.2578125,62120.0,UP,UP,0.5287,NEUTRAL,True,279.88
2026-07-08 14:22:00+00:00,BTC,62120.0,62088.6875,62016.01,DOWN,DOWN,0.5402,UP,True,291.13
2026-07-08 14:27:00+00:00,BTC,62016.01,62080.046875,61926.02,UP,DOWN,0.5815,NEUTRAL,False,267.4
2026-07-08 14:32:00+00:00,BTC,61926.02,61841.86328125,61944.21,DOWN,UP,0.6061,DOWN,False,239.03
2026-07-08 14:37:00+00:00,BTC,61944.21,61879.48828125,61903.98,DOWN,DOWN,0.5824,NEUTRAL,True,258.73
2026-07-08 14:42:00+00:00,BTC,61903.98,61942.94921875,61820.03,UP,DOWN,0.5501,DOWN,False,245.76
2026-07-08 14:47:00+00:00,BTC,61820.03,61554.94921875,61863.41,DOWN,UP,0.778,DOWN,False,177.44
2026-07-08 14:52:00+00:00,BTC,61863.41,61719.79296875,61871.91,DOWN,UP,0.6734,NEUTRAL,False,146.67
2026-07-06 21:24:00+00:00,ETH,1816.53,1816.19677734375,1813.42,DOWN,DOWN,0.5147,NEUTRAL,True,148.83
2026-07-06 21:29:00+00:00,ETH,1813.42,1812.76416015625,1813.41,DOWN,DOWN,0.5289,NEUTRAL,True,153.13
2026-07-06 21:34:00+00:00,ETH,1813.41,1815.2147216796875,1811.5,UP,DOWN,0.5786,NEUTRAL,False,141.09
2026-07-06 21:39:00+00:00,ETH,1811.5,1812.645263671875,1814.29,UP,UP,0.5503,NEUTRAL,True,148.19
2026-07-06 21:44:00+00:00,ETH,1814.29,1812.586669921875,1813.73,DOWN,DOWN,0.5742,NEUTRAL,True,159.19
2026-07-06 21:49:00+00:00,ETH,1813.73,1811.1773681640625,1816.04,DOWN,UP,0.6097,NEUTRAL,False,141.72
2026-07-06 21:54:00+00:00,ETH,1816.04,1818.816650390625,1814.88,UP,DOWN,0.6186,UP,False,124.92
2026-07-06 21:59:00+00:00,ETH,1814.88,1817.6500244140625,1814.3,UP,DOWN,0.6184,NEUTRAL,False,110.13
2026-07-06 22:04:00+00:00,ETH,1814.3,1820.1085205078125,1812.93,UP,DOWN,0.726,NEUTRAL,False,85.24
2026-07-06 22:09:00+00:00,ETH,1812.93,1811.3740234375,1814.12,DOWN,UP,0.568,NEUTRAL,False,79.44
2026-07-06 22:14:00+00:00,ETH,1814.12,1813.87451171875,1813.05,DOWN,DOWN,0.5108,NEUTRAL,True,80.3
2026-07-06 22:19:00+00:00,ETH,1813.05,1815.863037109375,1811.94,UP,DOWN,0.6203,NEUTRAL,False,70.64
2026-07-06 22:24:00+00:00,ETH,1811.94,1813.315185546875,1809.31,UP,DOWN,0.5603,DOWN,False,66.38
2026-07-06 22:29:00+00:00,ETH,1809.31,1807.553955078125,1807.34,DOWN,DOWN,0.5767,DOWN,True,71.47
2026-07-06 22:34:00+00:00,ETH,1807.34,1806.6806640625,1809.18,DOWN,UP,0.5291,DOWN,False,69.39
2026-07-06 22:39:00+00:00,ETH,1809.18,1807.2843017578125,1808.12,DOWN,DOWN,0.5826,NEUTRAL,True,75.12
2026-07-06 22:44:00+00:00,ETH,1808.12,1808.1546630859375,1808.54,UP,UP,0.5015,NEUTRAL,True,75.24
2026-07-06 22:49:00+00:00,ETH,1808.54,1806.019775390625,1805.72,DOWN,DOWN,0.6087,NEUTRAL,True,83.41
2026-07-06 22:54:00+00:00,ETH,1805.72,1805.5185546875,1806.3,DOWN,UP,0.5089,NEUTRAL,False,82.67
2026-07-06 22:59:00+00:00,ETH,1806.3,1806.1597900390625,1808.56,DOWN,UP,0.5062,NEUTRAL,False,82.16
2026-07-06 23:04:00+00:00,ETH,1808.56,1806.6627197265625,1806.29,DOWN,DOWN,0.5827,UP,True,88.95
2026-07-06 23:09:00+00:00,ETH,1806.29,1807.3201904296875,1808.41,UP,UP,0.5454,NEUTRAL,True,92.99
2026-07-06 23:14:00+00:00,ETH,1808.41,1813.88623046875,1806.01,UP,DOWN,0.7164,NEUTRAL,False,72.87
2026-07-06 23:19:00+00:00,ETH,1806.01,1805.3885498046875,1802.77,DOWN,DOWN,0.5275,DOWN,True,74.87
2026-07-06 23:24:00+00:00,ETH,1802.77,1804.2008056640625,1803.51,UP,UP,0.563,DOWN,True,79.59
2026-07-06 23:29:00+00:00,ETH,1803.51,1806.8460693359375,1803.18,UP,DOWN,0.6416,DOWN,False,68.32
2026-07-06 23:34:00+00:00,ETH,1803.18,1806.1522216796875,1802.17,UP,DOWN,0.6273,NEUTRAL,False,59.62
2026-07-06 23:39:00+00:00,ETH,1802.17,1803.1884765625,1800.44,UP,DOWN,0.545,NEUTRAL,False,56.94
2026-07-06 23:44:00+00:00,ETH,1800.44,1803.092529296875,1800.72,UP,UP,0.6146,DOWN,True,63.46
2026-07-06 23:49:00+00:00,ETH,1800.72,1800.5714111328125,1800.7,DOWN,DOWN,0.5066,DOWN,True,63.88
2026-07-06 23:54:00+00:00,ETH,1800.7,1801.15087890625,1799.56,UP,DOWN,0.52,NEUTRAL,False,62.61
2026-07-06 23:59:00+00:00,ETH,1799.56,1799.8858642578125,1799.46,UP,DOWN,0.5145,NEUTRAL,False,61.7
2026-07-07 00:04:00+00:00,ETH,1799.46,1800.1207275390625,1799.74,UP,UP,0.5293,NEUTRAL,True,63.51
2026-07-07 00:09:00+00:00,ETH,1799.74,1802.0355224609375,1797.88,UP,DOWN,0.5999,NEUTRAL,False,57.16
2026-07-07 00:14:00+00:00,ETH,1797.88,1800.5394287109375,1800.25,UP,UP,0.615,NEUTRAL,True,63.74
2026-07-07 00:19:00+00:00,ETH,1800.25,1800.8311767578125,1805.76,UP,UP,0.5258,NEUTRAL,True,65.38
2026-07-07 00:24:00+00:00,ETH,1805.76,1807.4378662109375,1806.04,UP,UP,0.5735,UP,True,70.18
2026-07-07 00:29:00+00:00,ETH,1806.04,1804.328369140625,1806.42,DOWN,UP,0.5749,UP,False,64.93
2026-07-07 00:34:00+00:00,ETH,1806.42,1806.1392822265625,1799.65,DOWN,DOWN,0.5124,NEUTRAL,True,65.73
2026-07-07 00:39:00+00:00,ETH,1799.65,1801.2982177734375,1801.51,UP,UP,0.5725,DOWN,True,70.5
2026-07-07 00:44:00+00:00,ETH,1801.51,1802.2867431640625,1803.38,UP,UP,0.5344,DOWN,True,72.92
2026-07-07 00:49:00+00:00,ETH,1803.38,1802.9505615234375,1806.15,DOWN,UP,0.519,NEUTRAL,False,71.54
2026-07-07 00:54:00+00:00,ETH,1806.15,1807.0447998046875,1803.74,UP,DOWN,0.5395,UP,False,68.71
2026-07-07 00:59:00+00:00,ETH,1803.74,1803.4443359375,1790.59,DOWN,DOWN,0.5131,NEUTRAL,True,69.61
2026-07-07 01:04:00+00:00,ETH,1790.59,1791.227783203125,1794.37,UP,UP,0.5284,DOWN,True,71.59
2026-07-07 01:09:00+00:00,ETH,1794.37,1793.9080810546875,1795.39,DOWN,UP,0.5206,DOWN,False,70.12
2026-07-07 01:14:00+00:00,ETH,1795.39,1796.3636474609375,1795.36,UP,DOWN,0.5432,NEUTRAL,False,67.09
2026-07-07 01:19:00+00:00,ETH,1795.36,1795.7530517578125,1793.17,UP,DOWN,0.5175,NEUTRAL,False,65.91
2026-07-07 01:24:00+00:00,ETH,1793.17,1795.9681396484375,1791.75,UP,DOWN,0.6209,NEUTRAL,False,57.94
2026-07-07 01:29:00+00:00,ETH,1791.75,1792.4984130859375,1791.77,UP,UP,0.5333,NEUTRAL,True,59.87
2026-07-07 01:34:00+00:00,ETH,1791.77,1791.6453857421875,1792.18,DOWN,UP,0.5056,NEUTRAL,False,59.54
2026-07-07 01:39:00+00:00,ETH,1792.18,1791.7069091796875,1795.19,DOWN,UP,0.5211,NEUTRAL,False,58.28
2026-07-07 01:44:00+00:00,ETH,1795.19,1794.8883056640625,1796.83,DOWN,UP,0.5134,UP,False,57.5
2026-07-07 01:49:00+00:00,ETH,1796.83,1796.520751953125,1795.25,DOWN,DOWN,0.5138,UP,True,58.29
2026-07-07 01:54:00+00:00,ETH,1795.25,1795.2037353515625,1792.64,DOWN,DOWN,0.5021,NEUTRAL,True,58.42
2026-07-07 01:59:00+00:00,ETH,1792.64,1790.138916015625,1793.96,DOWN,UP,0.6088,DOWN,False,52.06
2026-07-07 02:04:00+00:00,ETH,1793.96,1793.0655517578125,1790.39,DOWN,DOWN,0.5398,NEUTRAL,True,54.13
2026-07-07 02:09:00+00:00,ETH,1790.39,1788.6866455078125,1791.84,DOWN,UP,0.5752,DOWN,False,50.06
2026-07-07 02:14:00+00:00,ETH,1791.84,1792.215087890625,1790.4,UP,DOWN,0.5167,NEUTRAL,False,49.23
2026-07-07 02:19:00+00:00,ETH,1790.4,1790.5279541015625,1784.03,UP,DOWN,0.5057,DOWN,False,48.95
2026-07-07 02:24:00+00:00,ETH,1784.03,1783.9228515625,1779.92,DOWN,DOWN,0.5048,DOWN,True,49.18
2026-07-07 02:29:00+00:00,ETH,1779.92,1779.9998779296875,1780.17,UP,UP,0.5036,DOWN,True,49.36
2026-07-07 02:34:00+00:00,ETH,1780.17,1783.0870361328125,1782.41,UP,UP,0.6266,DOWN,True,55.61
2026-07-07 02:39:00+00:00,ETH,1782.41,1782.9739990234375,1783.88,UP,UP,0.5253,NEUTRAL,True,57.01
2026-07-07 02:44:00+00:00,ETH,1783.88,1782.5843505859375,1780.01,DOWN,DOWN,0.5577,NEUTRAL,True,60.3
2026-07-07 02:49:00+00:00,ETH,1780.01,1781.1580810546875,1778.91,UP,DOWN,0.5513,NEUTRAL,False,57.21
2026-07-07 02:54:00+00:00,ETH,1778.91,1779.697509765625,1778.57,UP,DOWN,0.5353,DOWN,False,55.19
2026-07-07 02:59:00+00:00,ETH,1778.57,1779.75390625,1779.63,UP,UP,0.5529,NEUTRAL,True,58.11
2026-07-07 03:04:00+00:00,ETH,1779.63,1778.816162109375,1780.85,DOWN,UP,0.5365,NEUTRAL,False,55.99
2026-07-07 03:09:00+00:00,ETH,1780.85,1780.409423828125,1778.63,DOWN,DOWN,0.5198,NEUTRAL,True,57.1
2026-07-07 03:14:00+00:00,ETH,1778.63,1778.7398681640625,1775.53,UP,DOWN,0.5049,NEUTRAL,False,56.82
2026-07-07 03:19:00+00:00,ETH,1775.53,1774.7261962890625,1776.18,DOWN,UP,0.5361,DOWN,False,54.77
2026-07-07 03:24:00+00:00,ETH,1776.18,1779.5150146484375,1774.15,UP,DOWN,0.6435,DOWN,False,46.91
2026-07-07 03:29:00+00:00,ETH,1774.15,1775.42626953125,1774.9,UP,UP,0.5572,DOWN,True,49.59
2026-07-07 03:34:00+00:00,ETH,1774.9,1773.665283203125,1774.15,DOWN,DOWN,0.5553,NEUTRAL,True,52.33
2026-07-07 03:39:00+00:00,ETH,1774.15,1774.850341796875,1771.65,UP,DOWN,0.5315,NEUTRAL,False,50.68
2026-07-07 03:44:00+00:00,ETH,1771.65,1772.8558349609375,1769.97,UP,DOWN,0.5541,DOWN,False,47.94
2026-07-07 03:49:00+00:00,ETH,1769.97,1773.227783203125,1771.0,UP,UP,0.6409,DOWN,True,54.7
2026-07-07 03:54:00+00:00,ETH,1771.0,1771.5230712890625,1771.56,UP,UP,0.5236,NEUTRAL,True,55.99
2026-07-07 03:59:00+00:00,ETH,1771.56,1772.11279296875,1770.46,UP,DOWN,0.5249,NEUTRAL,False,54.59
2026-07-07 04:04:00+00:00,ETH,1770.46,1768.6334228515625,1772.87,DOWN,UP,0.5814,NEUTRAL,False,50.15
2026-07-07 04:09:00+00:00,ETH,1772.87,1776.721923828125,1771.26,UP,DOWN,0.6636,NEUTRAL,False,41.95
2026-07-07 04:14:00+00:00,ETH,1771.26,1771.6600341796875,1769.79,UP,DOWN,0.5181,NEUTRAL,False,41.19
2026-07-07 04:19:00+00:00,ETH,1769.79,1772.5084228515625,1769.86,UP,UP,0.6192,DOWN,True,46.1
2026-07-07 04:24:00+00:00,ETH,1769.86,1771.265380859375,1771.88,UP,UP,0.563,DOWN,True,49.0
2026-07-07 04:29:00+00:00,ETH,1771.88,1774.3876953125,1770.74,UP,DOWN,0.6103,NEUTRAL,False,43.59
2026-07-07 04:34:00+00:00,ETH,1770.74,1770.000244140625,1768.31,DOWN,DOWN,0.5333,NEUTRAL,True,45.05
2026-07-07 04:39:00+00:00,ETH,1768.31,1769.779541015625,1765.44,UP,DOWN,0.5659,DOWN,False,42.08
2026-07-07 04:44:00+00:00,ETH,1765.44,1768.767578125,1763.34,UP,DOWN,0.644,DOWN,False,36.02
2026-07-07 04:49:00+00:00,ETH,1763.34,1762.55908203125,1765.92,DOWN,UP,0.5353,DOWN,False,34.75
2026-07-07 04:54:00+00:00,ETH,1765.92,1768.7216796875,1766.53,UP,UP,0.6228,NEUTRAL,True,39.01
2026-07-07 04:59:00+00:00,ETH,1766.53,1766.626708984375,1766.29,UP,DOWN,0.5044,NEUTRAL,False,38.84
2026-07-07 05:04:00+00:00,ETH,1766.29,1768.0858154296875,1763.0,UP,DOWN,0.5802,NEUTRAL,False,35.73
2026-07-07 05:09:00+00:00,ETH,1763.0,1766.5621337890625,1758.22,UP,DOWN,0.6534,DOWN,False,30.25
2026-07-07 05:14:00+00:00,ETH,1758.22,1758.934326171875,1759.28,UP,UP,0.5324,DOWN,True,31.23
2026-07-07 05:19:00+00:00,ETH,1759.28,1755.2803955078125,1762.91,DOWN,UP,0.6703,DOWN,False,25.91
2026-07-07 05:24:00+00:00,ETH,1762.91,1764.53955078125,1761.41,UP,DOWN,0.5731,NEUTRAL,False,24.01
2026-07-07 05:29:00+00:00,ETH,1761.41,1763.991455078125,1767.99,UP,UP,0.614,NEUTRAL,True,26.75
2026-07-07 05:34:00+00:00,ETH,1767.99,1764.3580322265625,1769.99,DOWN,UP,0.6557,UP,False,22.59
2026-07-07 05:39:00+00:00,ETH,1769.99,1767.3262939453125,1769.01,DOWN,DOWN,0.6169,UP,True,25.23
2026-07-07 05:44:00+00:00,ETH,1769.01,1767.806396484375,1769.68,DOWN,UP,0.5541,UP,False,23.86
2026-07-07 05:49:00+00:00,ETH,1769.68,1763.2420654296875,1772.61,DOWN,UP,0.7486,NEUTRAL,False,17.93
2026-07-07 05:54:00+00:00,ETH,1772.61,1773.3876953125,1770.58,UP,DOWN,0.535,UP,False,17.3
2026-07-07 05:59:00+00:00,ETH,1770.58,1771.7635498046875,1771.61,UP,UP,0.5532,NEUTRAL,True,18.22
2026-07-07 06:04:00+00:00,ETH,1771.61,1766.4632568359375,1769.52,DOWN,DOWN,0.7094,NEUTRAL,True,22.04
2026-07-07 06:09:00+00:00,ETH,1769.52,1768.8262939453125,1766.62,DOWN,DOWN,0.5313,NEUTRAL,True,22.73
2026-07-07 06:14:00+00:00,ETH,1766.62,1764.7998046875,1768.6,DOWN,UP,0.5813,DOWN,False,20.88
2026-07-07 06:19:00+00:00,ETH,1768.6,1767.5028076171875,1768.48,DOWN,DOWN,0.5494,NEUTRAL,True,21.91
2026-07-07 06:24:00+00:00,ETH,1768.48,1768.685791015625,1770.89,UP,UP,0.5093,NEUTRAL,True,22.12
2026-07-07 06:29:00+00:00,ETH,1770.89,1768.8892822265625,1773.37,DOWN,UP,0.5889,UP,False,20.15
2026-07-07 06:34:00+00:00,ETH,1773.37,1772.01318359375,1774.99,DOWN,UP,0.5607,UP,False,18.93
2026-07-07 06:39:00+00:00,ETH,1774.99,1770.083984375,1775.42,DOWN,UP,0.701,UP,False,15.12
2026-07-07 06:44:00+00:00,ETH,1775.42,1774.0635986328125,1778.72,DOWN,UP,0.5606,UP,False,14.21
2026-07-07 06:49:00+00:00,ETH,1778.72,1775.0968017578125,1780.34,DOWN,UP,0.6545,UP,False,12.01
2026-07-07 06:54:00+00:00,ETH,1780.34,1782.653076171875,1779.11,UP,DOWN,0.6017,UP,False,10.79
2026-07-07 06:59:00+00:00,ETH,1779.11,1779.920166015625,1779.87,UP,UP,0.5363,NEUTRAL,True,11.18
2026-07-07 07:04:00+00:00,ETH,1779.87,1781.004638671875,1779.05,UP,DOWN,0.5507,NEUTRAL,False,10.61
2026-07-07 07:09:00+00:00,ETH,1779.05,1776.51611328125,1781.86,DOWN,UP,0.611,NEUTRAL,False,9.44
2026-07-07 07:14:00+00:00,ETH,1781.86,1787.722412109375,1779.81,UP,DOWN,0.7308,NEUTRAL,False,7.26
2026-07-07 07:19:00+00:00,ETH,1779.81,1777.9696044921875,1778.74,DOWN,DOWN,0.5816,NEUTRAL,True,7.85
2026-07-07 07:24:00+00:00,ETH,1778.74,1778.450439453125,1778.12,DOWN,DOWN,0.513,NEUTRAL,True,7.95
2026-07-07 07:29:00+00:00,ETH,1778.12,1777.3544921875,1775.26,DOWN,DOWN,0.5344,DOWN,True,8.23
2026-07-07 07:34:00+00:00,ETH,1775.26,1772.021484375,1771.43,DOWN,DOWN,0.6398,DOWN,True,9.38
2026-07-07 07:39:00+00:00,ETH,1771.43,1771.401611328125,1773.14,DOWN,UP,0.5013,DOWN,False,9.36
2026-07-07 07:44:00+00:00,ETH,1773.14,1773.7938232421875,1774.16,UP,UP,0.5294,DOWN,True,9.64
2026-07-07 07:49:00+00:00,ETH,1774.16,1769.811767578125,1772.48,DOWN,DOWN,0.6817,NEUTRAL,True,11.39
2026-07-07 07:54:00+00:00,ETH,1772.48,1773.543701171875,1771.24,UP,DOWN,0.5478,NEUTRAL,False,10.85
2026-07-07 07:59:00+00:00,ETH,1771.24,1776.197509765625,1771.07,UP,DOWN,0.7031,DOWN,False,8.64
2026-07-07 08:04:00+00:00,ETH,1771.07,1769.8687744140625,1770.4,DOWN,DOWN,0.5539,NEUTRAL,True,9.11
2026-07-07 08:09:00+00:00,ETH,1770.4,1768.305419921875,1772.88,DOWN,UP,0.5929,DOWN,False,8.26
2026-07-07 08:14:00+00:00,ETH,1772.88,1772.81103515625,1774.36,DOWN,UP,0.5031,NEUTRAL,False,8.24
2026-07-07 08:19:00+00:00,ETH,1774.36,1772.39794921875,1773.67,DOWN,DOWN,0.587,UP,True,8.95
2026-07-07 08:24:00+00:00,ETH,1773.67,1774.2947998046875,1772.14,UP,DOWN,0.5281,NEUTRAL,False,8.7
2026-07-07 08:29:00+00:00,ETH,1772.14,1769.32080078125,1769.7,DOWN,DOWN,0.6231,NEUTRAL,True,9.77
2026-07-07 08:34:00+00:00,ETH,1769.7,1768.602783203125,1770.27,DOWN,UP,0.5493,DOWN,False,9.29
2026-07-07 08:39:00+00:00,ETH,1770.27,1771.2364501953125,1770.74,UP,UP,0.5435,DOWN,True,9.7
2026-07-07 08:44:00+00:00,ETH,1770.74,1770.483642578125,1770.85,DOWN,UP,0.5116,NEUTRAL,False,9.58
2026-07-07 08:49:00+00:00,ETH,1770.85,1770.529052734375,1769.63,DOWN,DOWN,0.5145,NEUTRAL,True,9.72
2026-07-07 08:54:00+00:00,ETH,1769.63,1766.9791259765625,1770.78,DOWN,UP,0.6164,NEUTRAL,False,8.59
2026-07-07 08:59:00+00:00,ETH,1770.78,1771.8489990234375,1772.01,UP,UP,0.5481,NEUTRAL,True,9.0
2026-07-07 09:04:00+00:00,ETH,1772.01,1770.1571044921875,1771.89,DOWN,DOWN,0.5825,UP,True,9.75
2026-07-07 09:09:00+00:00,ETH,1771.89,1772.4522705078125,1774.48,UP,UP,0.5254,NEUTRAL,True,9.99
2026-07-07 09:14:00+00:00,ETH,1774.48,1773.5894775390625,1773.57,DOWN,DOWN,0.54,UP,True,10.39
2026-07-07 09:19:00+00:00,ETH,1773.57,1773.3359375,1772.44,DOWN,DOWN,0.5106,UP,True,10.5
2026-07-07 09:24:00+00:00,ETH,1772.44,1771.7574462890625,1773.29,DOWN,UP,0.5307,NEUTRAL,False,10.18
2026-07-07 09:29:00+00:00,ETH,1773.29,1774.5850830078125,1774.19,UP,UP,0.558,NEUTRAL,True,10.77
2026-07-07 09:34:00+00:00,ETH,1774.19,1773.605224609375,1774.1,DOWN,DOWN,0.5263,NEUTRAL,True,11.06
2026-07-07 09:39:00+00:00,ETH,1774.1,1773.8345947265625,1779.08,DOWN,UP,0.512,NEUTRAL,False,10.92
2026-07-07 09:44:00+00:00,ETH,1779.08,1780.44921875,1778.89,UP,DOWN,0.5611,UP,False,10.26
2026-07-07 09:49:00+00:00,ETH,1778.89,1778.250732421875,1777.87,DOWN,DOWN,0.5287,UP,True,10.55
2026-07-07 09:54:00+00:00,ETH,1777.87,1779.235107421875,1778.16,UP,UP,0.5609,UP,True,11.19
2026-07-07 09:59:00+00:00,ETH,1778.16,1779.3170166015625,1783.69,UP,UP,0.5518,NEUTRAL,True,11.77
2026-07-07 10:04:00+00:00,ETH,1783.69,1783.3809814453125,1781.41,DOWN,DOWN,0.5139,UP,True,11.94
2026-07-07 10:09:00+00:00,ETH,1781.41,1783.5711669921875,1779.96,UP,DOWN,0.5952,NEUTRAL,False,10.8
2026-07-07 10:14:00+00:00,ETH,1779.96,1781.169677734375,1783.36,UP,UP,0.554,NEUTRAL,True,11.38
2026-07-07 10:19:00+00:00,ETH,1783.36,1786.409423828125,1781.04,UP,DOWN,0.6317,UP,False,9.88
2026-07-07 10:24:00+00:00,ETH,1781.04,1779.4158935546875,1779.18,DOWN,DOWN,0.5722,NEUTRAL,True,10.6
2026-07-07 10:29:00+00:00,ETH,1779.18,1780.5643310546875,1776.76,UP,DOWN,0.5617,DOWN,False,9.94
2026-07-07 10:34:00+00:00,ETH,1776.76,1778.7906494140625,1777.58,UP,UP,0.5899,DOWN,True,10.84
2026-07-07 10:39:00+00:00,ETH,1777.58,1777.777099609375,1776.68,UP,DOWN,0.5089,DOWN,False,10.74
2026-07-07 10:44:00+00:00,ETH,1776.68,1778.6298828125,1775.4,UP,DOWN,0.5864,DOWN,False,9.81
2026-07-07 10:49:00+00:00,ETH,1775.4,1776.2041015625,1775.16,UP,DOWN,0.5361,DOWN,False,9.46
2026-07-07 10:54:00+00:00,ETH,1775.16,1775.570556640625,1775.8,UP,UP,0.5185,DOWN,True,9.63
2026-07-07 10:59:00+00:00,ETH,1775.8,1775.5308837890625,1773.82,DOWN,DOWN,0.5121,NEUTRAL,True,9.75
2026-07-07 11:04:00+00:00,ETH,1773.82,1774.5452880859375,1774.27,UP,UP,0.5326,DOWN,True,10.07
2026-07-07 11:09:00+00:00,ETH,1774.27,1772.343994140625,1773.19,DOWN,DOWN,0.5855,NEUTRAL,True,10.93
2026-07-07 11:14:00+00:00,ETH,1773.19,1772.5714111328125,1774.87,DOWN,UP,0.5279,NEUTRAL,False,10.62
2026-07-07 11:19:00+00:00,ETH,1774.87,1775.21142578125,1777.37,UP,UP,0.5154,NEUTRAL,True,10.79
2026-07-07 11:24:00+00:00,ETH,1777.37,1778.1212158203125,1777.14,UP,DOWN,0.5337,UP,False,10.42
2026-07-07 11:29:00+00:00,ETH,1777.14,1777.2474365234375,1776.14,UP,DOWN,0.5048,UP,False,10.37
2026-07-07 11:34:00+00:00,ETH,1776.14,1776.5496826171875,1776.89,UP,UP,0.5184,NEUTRAL,True,10.57
2026-07-07 11:39:00+00:00,ETH,1776.89,1777.3511962890625,1780.63,UP,UP,0.5207,NEUTRAL,True,10.78
2026-07-07 11:44:00+00:00,ETH,1780.63,1779.161376953125,1782.8,DOWN,UP,0.5654,UP,False,10.08
2026-07-07 11:49:00+00:00,ETH,1782.8,1781.464599609375,1779.59,DOWN,DOWN,0.5595,UP,True,10.68
2026-07-07 11:54:00+00:00,ETH,1779.59,1779.531982421875,1780.77,DOWN,UP,0.5026,NEUTRAL,False,10.65
2026-07-07 11:59:00+00:00,ETH,1780.77,1779.645263671875,1782.62,DOWN,UP,0.5503,NEUTRAL,False,10.12
2026-07-07 12:04:00+00:00,ETH,1782.62,1782.148681640625,1792.4,DOWN,UP,0.5211,NEUTRAL,False,9.9
2026-07-07 12:09:00+00:00,ETH,1792.4,1788.0078125,1791.08,DOWN,DOWN,0.6817,UP,True,11.7
2026-07-07 12:14:00+00:00,ETH,1791.08,1789.2779541015625,1788.76,DOWN,DOWN,0.5794,UP,True,12.63
2026-07-07 12:19:00+00:00,ETH,1788.76,1786.94775390625,1793.44,DOWN,UP,0.58,NEUTRAL,False,11.62
2026-07-07 12:24:00+00:00,ETH,1793.44,1794.1558837890625,1791.13,UP,DOWN,0.5319,UP,False,11.25
2026-07-07 12:29:00+00:00,ETH,1791.13,1791.6212158203125,1787.72,UP,DOWN,0.5219,NEUTRAL,False,11.0
2026-07-07 12:34:00+00:00,ETH,1787.72,1788.1636962890625,1784.44,UP,DOWN,0.5198,DOWN,False,10.78
2026-07-07 12:39:00+00:00,ETH,1784.44,1788.0396728515625,1785.8,UP,UP,0.6532,DOWN,True,12.44
2026-07-07 12:44:00+00:00,ETH,1785.8,1785.833984375,1781.7,UP,DOWN,0.5015,DOWN,False,12.42
2026-07-07 12:49:00+00:00,ETH,1781.7,1782.81201171875,1782.86,UP,UP,0.5497,DOWN,True,13.04
2026-07-07 12:54:00+00:00,ETH,1782.86,1783.9927978515625,1781.97,UP,DOWN,0.5506,DOWN,False,12.38
2026-07-07 12:59:00+00:00,ETH,1781.97,1782.325927734375,1778.87,UP,DOWN,0.516,NEUTRAL,False,12.18
2026-07-07 13:04:00+00:00,ETH,1778.87,1780.6392822265625,1778.39,UP,DOWN,0.5785,DOWN,False,11.22
2026-07-07 13:09:00+00:00,ETH,1778.39,1777.052734375,1777.05,DOWN,DOWN,0.5597,DOWN,True,11.89
2026-07-07 13:14:00+00:00,ETH,1777.05,1778.8214111328125,1776.82,UP,DOWN,0.5787,DOWN,False,10.96
2026-07-07 13:19:00+00:00,ETH,1776.82,1776.0023193359375,1772.55,DOWN,DOWN,0.5367,NEUTRAL,True,11.36
2026-07-07 13:24:00+00:00,ETH,1772.55,1772.22509765625,1771.85,DOWN,DOWN,0.5147,DOWN,True,11.52
2026-07-07 13:29:00+00:00,ETH,1771.85,1772.260986328125,1773.28,UP,UP,0.5185,DOWN,True,11.74
2026-07-07 13:34:00+00:00,ETH,1773.28,1775.3927001953125,1767.64,UP,DOWN,0.5935,NEUTRAL,False,10.64
2026-07-07 13:39:00+00:00,ETH,1767.64,1766.533935546875,1772.47,DOWN,UP,0.5498,DOWN,False,10.11
2026-07-07 13:44:00+00:00,ETH,1772.47,1771.0958251953125,1778.94,DOWN,UP,0.5615,NEUTRAL,False,9.49
2026-07-07 13:49:00+00:00,ETH,1778.94,1777.7034912109375,1770.55,DOWN,DOWN,0.5553,UP,True,10.01
2026-07-07 13:54:00+00:00,ETH,1770.55,1767.0181884765625,1769.01,DOWN,DOWN,0.6516,DOWN,True,11.53
2026-07-07 13:59:00+00:00,ETH,1769.01,1767.1502685546875,1773.99,DOWN,UP,0.5829,DOWN,False,10.58
2026-07-07 14:04:00+00:00,ETH,1773.99,1773.2962646484375,1772.38,DOWN,DOWN,0.5312,NEUTRAL,True,10.91
2026-07-07 14:09:00+00:00,ETH,1772.38,1774.989013671875,1767.22,UP,DOWN,0.6145,NEUTRAL,False,9.66
2026-07-07 14:14:00+00:00,ETH,1767.22,1766.4918212890625,1770.67,DOWN,UP,0.5329,DOWN,False,9.34
2026-07-07 14:19:00+00:00,ETH,1770.67,1776.2418212890625,1767.87,UP,DOWN,0.723,NEUTRAL,False,7.26
2026-07-07 14:24:00+00:00,ETH,1767.87,1769.722900390625,1772.2,UP,UP,0.5826,DOWN,True,7.86
2026-07-07 14:29:00+00:00,ETH,1772.2,1768.2659912109375,1775.72,DOWN,UP,0.6668,NEUTRAL,False,6.55
2026-07-07 14:34:00+00:00,ETH,1775.72,1776.8836669921875,1768.77,UP,DOWN,0.5521,UP,False,6.2
2026-07-07 14:39:00+00:00,ETH,1768.77,1766.0281982421875,1770.36,DOWN,UP,0.6202,NEUTRAL,False,5.46
2026-07-07 14:44:00+00:00,ETH,1770.36,1772.5965576171875,1779.05,UP,UP,0.599,NEUTRAL,True,6.0
2026-07-07 14:49:00+00:00,ETH,1779.05,1779.9722900390625,1786.6,UP,UP,0.5413,UP,True,6.25
2026-07-07 14:54:00+00:00,ETH,1786.6,1784.1824951171875,1789.46,DOWN,UP,0.6057,UP,False,5.59
2026-07-07 14:59:00+00:00,ETH,1789.46,1782.6085205078125,1786.59,DOWN,DOWN,0.7578,UP,True,7.03
2026-07-07 15:04:00+00:00,ETH,1786.59,1787.9677734375,1787.76,UP,UP,0.5612,NEUTRAL,True,7.46
2026-07-07 15:09:00+00:00,ETH,1787.76,1787.5262451171875,1785.95,DOWN,DOWN,0.5105,NEUTRAL,True,7.54
2026-07-07 15:14:00+00:00,ETH,1785.95,1785.8121337890625,1788.36,DOWN,UP,0.5062,NEUTRAL,False,7.49
2026-07-07 15:19:00+00:00,ETH,1788.36,1788.365966796875,1792.76,UP,UP,0.5003,NEUTRAL,True,7.49
2026-07-07 15:24:00+00:00,ETH,1792.76,1791.5699462890625,1792.73,DOWN,DOWN,0.5528,UP,True,7.89
2026-07-07 15:29:00+00:00,ETH,1792.73,1788.6358642578125,1792.92,DOWN,UP,0.671,UP,False,6.54
2026-07-07 15:34:00+00:00,ETH,1792.92,1795.0689697265625,1794.29,UP,UP,0.5941,NEUTRAL,True,7.15
2026-07-07 15:39:00+00:00,ETH,1794.29,1795.2982177734375,1795.39,UP,UP,0.5448,NEUTRAL,True,7.47
2026-07-07 15:44:00+00:00,ETH,1795.39,1795.9219970703125,1797.76,UP,UP,0.5237,NEUTRAL,True,7.65
2026-07-07 15:49:00+00:00,ETH,1797.76,1798.07958984375,1798.5,UP,UP,0.5142,UP,True,7.76
2026-07-07 15:54:00+00:00,ETH,1798.5,1801.05810546875,1797.45,UP,DOWN,0.6108,NEUTRAL,False,6.9
2026-07-07 15:59:00+00:00,ETH,1797.45,1792.0262451171875,1796.01,DOWN,DOWN,0.7158,NEUTRAL,True,8.39
2026-07-07 16:04:00+00:00,ETH,1796.01,1794.4649658203125,1794.49,DOWN,DOWN,0.5681,NEUTRAL,True,8.96
2026-07-07 16:09:00+00:00,ETH,1794.49,1792.2567138671875,1795.18,DOWN,UP,0.5976,DOWN,False,8.09
2026-07-07 16:14:00+00:00,ETH,1795.18,1792.7569580078125,1794.69,DOWN,DOWN,0.6054,NEUTRAL,True,8.94
2026-07-07 16:19:00+00:00,ETH,1794.69,1795.77685546875,1801.69,UP,UP,0.5482,NEUTRAL,True,9.37
2026-07-07 16:24:00+00:00,ETH,1801.69,1799.3704833984375,1802.52,DOWN,UP,0.6008,UP,False,8.42
2026-07-07 16:29:00+00:00,ETH,1802.52,1803.56982421875,1800.76,UP,DOWN,0.5464,UP,False,8.03
2026-07-07 16:34:00+00:00,ETH,1800.76,1801.1552734375,1803.0,UP,UP,0.5175,NEUTRAL,True,8.17
2026-07-07 16:39:00+00:00,ETH,1803.0,1800.1268310546875,1805.32,DOWN,UP,0.6233,NEUTRAL,False,7.17
2026-07-07 16:44:00+00:00,ETH,1805.32,1805.9249267578125,1804.83,UP,DOWN,0.5268,UP,False,6.97
2026-07-07 16:49:00+00:00,ETH,1804.83,1803.3687744140625,1806.7,DOWN,UP,0.5642,UP,False,6.53
2026-07-07 16:54:00+00:00,ETH,1806.7,1806.78515625,1802.23,UP,DOWN,0.5038,UP,False,6.5
2026-07-07 16:59:00+00:00,ETH,1802.23,1806.5264892578125,1802.62,UP,UP,0.6775,DOWN,True,7.66
2026-07-07 17:04:00+00:00,ETH,1802.62,1802.9715576171875,1806.3,UP,UP,0.5156,NEUTRAL,True,7.77
2026-07-07 17:09:00+00:00,ETH,1806.3,1804.94482421875,1804.5,DOWN,DOWN,0.5596,UP,True,8.24
2026-07-07 17:14:00+00:00,ETH,1804.5,1805.10009765625,1802.59,UP,DOWN,0.5266,NEUTRAL,False,8.02
2026-07-07 17:19:00+00:00,ETH,1802.59,1800.9453125,1804.43,DOWN,UP,0.5722,NEUTRAL,False,7.44
2026-07-07 17:24:00+00:00,ETH,1804.43,1805.506591796875,1806.26,UP,UP,0.5475,NEUTRAL,True,7.79
2026-07-07 17:29:00+00:00,ETH,1806.26,1808.166748046875,1805.72,UP,DOWN,0.5832,UP,False,7.14
2026-07-07 17:34:00+00:00,ETH,1805.72,1806.2208251953125,1805.99,UP,UP,0.5222,UP,True,7.3
2026-07-07 17:39:00+00:00,ETH,1805.99,1807.2603759765625,1808.35,UP,UP,0.5559,NEUTRAL,True,7.71
2026-07-07 17:44:00+00:00,ETH,1808.35,1808.80029296875,1806.34,UP,DOWN,0.5199,UP,False,7.56
2026-07-07 17:49:00+00:00,ETH,1806.34,1805.4986572265625,1809.4,DOWN,UP,0.5372,NEUTRAL,False,7.28
2026-07-07 17:54:00+00:00,ETH,1809.4,1805.07275390625,1810.39,DOWN,UP,0.678,UP,False,5.98
2026-07-07 17:59:00+00:00,ETH,1810.39,1810.683837890625,1806.24,UP,DOWN,0.513,UP,False,5.9
2026-07-07 18:04:00+00:00,ETH,1806.24,1808.7540283203125,1804.19,UP,DOWN,0.6086,NEUTRAL,False,5.26
2026-07-07 18:09:00+00:00,ETH,1804.19,1803.900146484375,1803.91,DOWN,DOWN,0.5128,DOWN,True,5.33
2026-07-07 18:14:00+00:00,ETH,1803.91,1802.1622314453125,1804.38,DOWN,UP,0.5766,DOWN,False,4.92
2026-07-07 18:19:00+00:00,ETH,1804.38,1803.5435791015625,1802.89,DOWN,DOWN,0.537,NEUTRAL,True,5.1
2026-07-07 18:24:00+00:00,ETH,1802.89,1804.3277587890625,1800.76,UP,DOWN,0.5633,NEUTRAL,False,4.78
2026-07-07 18:29:00+00:00,ETH,1800.76,1802.936767578125,1800.78,UP,UP,0.5949,DOWN,True,5.23
2026-07-07 18:34:00+00:00,ETH,1800.78,1802.4410400390625,1803.28,UP,UP,0.573,DOWN,True,5.62
2026-07-07 18:39:00+00:00,ETH,1803.28,1801.6787109375,1804.57,DOWN,UP,0.5703,NEUTRAL,False,5.22
2026-07-07 18:44:00+00:00,ETH,1804.57,1802.8958740234375,1796.54,DOWN,DOWN,0.5734,UP,True,5.61
2026-07-07 18:49:00+00:00,ETH,1796.54,1801.414306640625,1789.02,UP,DOWN,0.698,DOWN,False,4.5
2026-07-07 18:54:00+00:00,ETH,1789.02,1788.2830810546875,1786.6,DOWN,DOWN,0.5329,DOWN,True,4.64
2026-07-07 18:59:00+00:00,ETH,1786.6,1784.7789306640625,1785.76,DOWN,DOWN,0.5804,DOWN,True,5.02
2026-07-07 19:04:00+00:00,ETH,1785.76,1781.7364501953125,1780.54,DOWN,DOWN,0.669,DOWN,True,5.86
2026-07-07 19:09:00+00:00,ETH,1780.54,1780.6015625,1779.63,UP,DOWN,0.5028,DOWN,False,5.85
2026-07-07 19:14:00+00:00,ETH,1779.63,1778.3463134765625,1779.51,DOWN,DOWN,0.5573,NEUTRAL,True,6.18
2026-07-07 19:19:00+00:00,ETH,1779.51,1780.8726806640625,1781.53,UP,UP,0.5608,NEUTRAL,True,6.56
2026-07-07 19:24:00+00:00,ETH,1781.53,1778.7451171875,1783.14,DOWN,UP,0.6211,NEUTRAL,False,5.76
2026-07-07 19:29:00+00:00,ETH,1783.14,1783.75341796875,1789.06,UP,UP,0.5275,NEUTRAL,True,5.92
2026-07-07 19:34:00+00:00,ETH,1789.06,1787.96875,1789.75,DOWN,UP,0.5486,UP,False,5.64
2026-07-07 19:39:00+00:00,ETH,1789.75,1792.628662109375,1789.56,UP,DOWN,0.6244,UP,False,4.93
2026-07-07 19:44:00+00:00,ETH,1789.56,1789.64453125,1790.93,UP,UP,0.5038,UP,True,4.95
2026-07-07 19:49:00+00:00,ETH,1790.93,1791.720947265625,1789.9,UP,DOWN,0.5352,UP,False,4.78
2026-07-07 19:54:00+00:00,ETH,1789.9,1793.5960693359375,1790.45,UP,UP,0.6564,NEUTRAL,True,5.53
2026-07-07 19:59:00+00:00,ETH,1790.45,1794.569580078125,1791.65,UP,UP,0.6721,NEUTRAL,True,6.48
2026-07-07 20:04:00+00:00,ETH,1791.65,1792.0653076171875,1786.74,UP,DOWN,0.5185,NEUTRAL,False,6.36
2026-07-07 20:09:00+00:00,ETH,1786.74,1790.3497314453125,1789.18,UP,UP,0.6534,DOWN,True,7.33
2026-07-07 20:14:00+00:00,ETH,1789.18,1785.5843505859375,1787.29,DOWN,DOWN,0.6526,NEUTRAL,True,8.45
2026-07-07 20:19:00+00:00,ETH,1787.29,1784.5118408203125,1788.39,DOWN,UP,0.6205,DOWN,False,7.43
2026-07-07 20:24:00+00:00,ETH,1788.39,1789.587158203125,1787.46,UP,DOWN,0.5532,NEUTRAL,False,7.04
2026-07-07 20:29:00+00:00,ETH,1787.46,1780.8966064453125,1785.56,DOWN,DOWN,0.7503,NEUTRAL,True,8.8
2026-07-07 20:34:00+00:00,ETH,1785.56,1780.288330078125,1784.81,DOWN,DOWN,0.7121,DOWN,True,10.67
2026-07-07 20:39:00+00:00,ETH,1784.81,1785.72705078125,1783.72,UP,DOWN,0.541,DOWN,False,10.23
2026-07-07 20:44:00+00:00,ETH,1783.72,1783.702880859375,1782.12,DOWN,DOWN,0.5008,DOWN,True,10.24
2026-07-07 20:49:00+00:00,ETH,1782.12,1782.4892578125,1781.83,UP,DOWN,0.5166,DOWN,False,10.07
2026-07-07 20:54:00+00:00,ETH,1781.83,1783.0989990234375,1784.12,UP,UP,0.5566,DOWN,True,10.64
2026-07-07 20:59:00+00:00,ETH,1784.12,1782.779541015625,1787.83,DOWN,UP,0.5597,NEUTRAL,False,10.0
2026-07-07 21:04:00+00:00,ETH,1787.83,1787.405517578125,1786.49,DOWN,DOWN,0.519,UP,True,10.19
2026-07-07 21:09:00+00:00,ETH,1786.49,1783.421630859375,1786.3,DOWN,DOWN,0.6322,NEUTRAL,True,11.54
2026-07-07 21:14:00+00:00,ETH,1786.3,1783.105712890625,1779.11,DOWN,DOWN,0.6373,NEUTRAL,True,13.12
2026-07-07 21:19:00+00:00,ETH,1779.11,1783.8670654296875,1775.66,UP,DOWN,0.6956,DOWN,False,10.56
2026-07-07 21:24:00+00:00,ETH,1775.66,1776.548828125,1778.49,UP,UP,0.5399,DOWN,True,10.98
2026-07-07 21:29:00+00:00,ETH,1778.49,1777.3388671875,1776.43,DOWN,DOWN,0.5515,DOWN,True,11.54
2026-07-07 21:34:00+00:00,ETH,1776.43,1777.2838134765625,1774.84,UP,DOWN,0.5383,NEUTRAL,False,11.1
2026-07-07 21:39:00+00:00,ETH,1774.84,1774.900146484375,1775.28,UP,UP,0.5027,NEUTRAL,True,11.13
2026-07-07 21:44:00+00:00,ETH,1775.28,1775.058349609375,1777.35,DOWN,UP,0.51,NEUTRAL,False,11.02
2026-07-07 21:49:00+00:00,ETH,1777.35,1780.643798828125,1772.12,UP,DOWN,0.6418,NEUTRAL,False,9.46
2026-07-07 21:54:00+00:00,ETH,1772.12,1772.1064453125,1773.84,DOWN,UP,0.5006,NEUTRAL,False,9.45
2026-07-07 21:59:00+00:00,ETH,1773.84,1771.7667236328125,1773.27,DOWN,DOWN,0.5918,DOWN,True,10.32
2026-07-07 22:04:00+00:00,ETH,1773.27,1769.3203125,1774.75,DOWN,UP,0.6673,NEUTRAL,False,8.59
2026-07-07 22:09:00+00:00,ETH,1774.75,1772.7139892578125,1775.44,DOWN,UP,0.5902,NEUTRAL,False,7.82
2026-07-07 22:14:00+00:00,ETH,1775.44,1773.85986328125,1775.69,DOWN,UP,0.5705,NEUTRAL,False,7.27
2026-07-07 22:19:00+00:00,ETH,1775.69,1770.0631103515625,1771.87,DOWN,DOWN,0.7243,NEUTRAL,True,8.9
2026-07-07 22:24:00+00:00,ETH,1771.87,1773.9608154296875,1772.73,UP,UP,0.5927,DOWN,True,9.72
2026-07-07 22:29:00+00:00,ETH,1772.73,1769.53955078125,1776.04,DOWN,UP,0.6381,NEUTRAL,False,8.38
2026-07-07 22:34:00+00:00,ETH,1776.04,1775.822265625,1777.58,DOWN,UP,0.5098,UP,False,8.3
2026-07-07 22:39:00+00:00,ETH,1777.58,1779.4825439453125,1777.54,UP,DOWN,0.5843,UP,False,7.6
2026-07-07 22:44:00+00:00,ETH,1777.54,1777.7626953125,1775.24,UP,DOWN,0.51,UP,False,7.52
2026-07-07 22:49:00+00:00,ETH,1775.24,1775.1563720703125,1775.52,DOWN,UP,0.5038,NEUTRAL,False,7.49
2026-07-07 22:54:00+00:00,ETH,1775.52,1776.1241455078125,1775.55,UP,UP,0.5272,NEUTRAL,True,7.7
2026-07-07 22:59:00+00:00,ETH,1775.55,1776.731689453125,1777.85,UP,UP,0.5529,NEUTRAL,True,8.1
2026-07-07 23:04:00+00:00,ETH,1777.85,1779.9521484375,1778.89,UP,UP,0.5929,UP,True,8.86
2026-07-07 23:09:00+00:00,ETH,1778.89,1776.4044189453125,1778.59,DOWN,DOWN,0.609,UP,True,9.82
2026-07-07 23:14:00+00:00,ETH,1778.59,1779.6370849609375,1780.57,UP,UP,0.5469,UP,True,10.28
2026-07-07 23:19:00+00:00,ETH,1780.57,1779.54443359375,1779.12,DOWN,DOWN,0.5459,UP,True,10.75
2026-07-07 23:24:00+00:00,ETH,1779.12,1778.7725830078125,1779.99,DOWN,UP,0.5156,NEUTRAL,False,10.59
2026-07-07 23:29:00+00:00,ETH,1779.99,1780.824462890625,1778.15,UP,DOWN,0.5374,NEUTRAL,False,10.19
2026-07-07 23:34:00+00:00,ETH,1778.15,1778.6241455078125,1776.72,UP,DOWN,0.5213,NEUTRAL,False,9.97
2026-07-07 23:39:00+00:00,ETH,1776.72,1775.58984375,1772.44,DOWN,DOWN,0.5506,DOWN,True,10.48
2026-07-07 23:44:00+00:00,ETH,1772.44,1773.9515380859375,1772.25,UP,DOWN,0.5676,DOWN,False,9.77
2026-07-07 23:49:00+00:00,ETH,1772.25,1770.537841796875,1770.83,DOWN,DOWN,0.5763,DOWN,True,10.51
2026-07-07 23:54:00+00:00,ETH,1770.83,1770.6856689453125,1771.45,DOWN,UP,0.5065,DOWN,False,10.45
2026-07-07 23:59:00+00:00,ETH,1771.45,1766.5047607421875,1773.93,DOWN,UP,0.7027,DOWN,False,8.33
2026-07-08 00:04:00+00:00,ETH,1773.93,1774.1397705078125,1774.84,UP,UP,0.5095,NEUTRAL,True,8.41
2026-07-08 00:09:00+00:00,ETH,1774.84,1774.42578125,1774.58,DOWN,DOWN,0.5187,UP,True,8.57
2026-07-08 00:14:00+00:00,ETH,1774.58,1773.7119140625,1775.22,DOWN,UP,0.539,NEUTRAL,False,8.23
2026-07-08 00:19:00+00:00,ETH,1775.22,1771.41015625,1779.13,DOWN,UP,0.6619,UP,False,6.9
2026-07-08 00:24:00+00:00,ETH,1779.13,1779.1839599609375,1779.7,UP,UP,0.5024,UP,True,6.91
2026-07-08 00:29:00+00:00,ETH,1779.7,1782.721923828125,1778.22,UP,DOWN,0.6308,UP,False,6.01
2026-07-08 00:34:00+00:00,ETH,1778.22,1776.8970947265625,1782.39,DOWN,UP,0.5591,NEUTRAL,False,5.66
2026-07-08 00:39:00+00:00,ETH,1782.39,1782.94580078125,1783.05,UP,UP,0.5249,UP,True,5.8
2026-07-08 00:44:00+00:00,ETH,1783.05,1781.5284423828125,1780.93,DOWN,DOWN,0.5676,UP,True,6.19
2026-07-08 00:49:00+00:00,ETH,1780.93,1780.8123779296875,1780.38,DOWN,DOWN,0.5053,NEUTRAL,True,6.22
2026-07-08 00:54:00+00:00,ETH,1780.38,1780.4288330078125,1780.29,UP,DOWN,0.5022,NEUTRAL,False,6.21
2026-07-08 00:59:00+00:00,ETH,1780.29,1778.8541259765625,1777.8,DOWN,DOWN,0.564,NEUTRAL,True,6.6
2026-07-08 01:04:00+00:00,ETH,1777.8,1778.7557373046875,1776.22,UP,DOWN,0.5428,DOWN,False,6.32
2026-07-08 01:09:00+00:00,ETH,1776.22,1778.2777099609375,1779.75,UP,UP,0.5911,DOWN,True,6.9
2026-07-08 01:14:00+00:00,ETH,1779.75,1778.53271484375,1776.21,DOWN,DOWN,0.5544,NEUTRAL,True,7.27
2026-07-08 01:19:00+00:00,ETH,1776.21,1777.0606689453125,1776.0,UP,DOWN,0.5382,DOWN,False,6.99
2026-07-08 01:24:00+00:00,ETH,1776.0,1777.857421875,1772.93,UP,DOWN,0.5825,DOWN,False,6.42
2026-07-08 01:29:00+00:00,ETH,1772.93,1772.6898193359375,1769.77,DOWN,DOWN,0.5108,DOWN,True,6.49
2026-07-08 01:34:00+00:00,ETH,1769.77,1769.8475341796875,1754.52,UP,DOWN,0.5035,DOWN,False,6.46
2026-07-08 01:39:00+00:00,ETH,1754.52,1739.7135009765625,1759.31,DOWN,UP,0.8735,DOWN,False,4.05
2026-07-08 01:44:00+00:00,ETH,1759.31,1762.1876220703125,1760.68,UP,UP,0.6264,DOWN,True,4.56
2026-07-08 01:49:00+00:00,ETH,1760.68,1763.324462890625,1757.67,UP,DOWN,0.6167,NEUTRAL,False,4.03
2026-07-08 01:54:00+00:00,ETH,1757.67,1751.2984619140625,1755.94,DOWN,DOWN,0.748,NEUTRAL,True,5.03
2026-07-08 01:59:00+00:00,ETH,1755.94,1762.199462890625,1753.5,UP,DOWN,0.745,NEUTRAL,False,3.8
2026-07-08 02:04:00+00:00,ETH,1753.5,1753.652099609375,1750.82,UP,DOWN,0.5069,DOWN,False,3.77
2026-07-08 02:09:00+00:00,ETH,1750.82,1749.294921875,1751.25,DOWN,UP,0.569,NEUTRAL,False,3.51
2026-07-08 02:14:00+00:00,ETH,1751.25,1754.4024658203125,1752.98,UP,UP,0.6381,NEUTRAL,True,4.0
2026-07-08 02:19:00+00:00,ETH,1752.98,1755.2109375,1752.53,UP,DOWN,0.5997,NEUTRAL,False,3.6
2026-07-08 02:24:00+00:00,ETH,1752.53,1752.0338134765625,1752.21,DOWN,DOWN,0.5226,NEUTRAL,True,3.68
2026-07-08 02:29:00+00:00,ETH,1752.21,1754.420654296875,1747.21,UP,DOWN,0.5988,NEUTRAL,False,3.31
2026-07-08 02:34:00+00:00,ETH,1747.21,1745.3424072265625,1748.54,DOWN,UP,0.5842,DOWN,False,3.04
2026-07-08 02:39:00+00:00,ETH,1748.54,1747.2615966796875,1755.33,DOWN,UP,0.5581,DOWN,False,2.86
2026-07-08 02:44:00+00:00,ETH,1755.33,1755.3055419921875,1758.01,DOWN,UP,0.5011,UP,False,2.86
2026-07-08 02:49:00+00:00,ETH,1758.01,1758.009033203125,1756.37,DOWN,DOWN,0.5,UP,True,2.86
2026-07-08 02:54:00+00:00,ETH,1756.37,1755.4293212890625,1757.62,DOWN,UP,0.5427,UP,False,2.73
2026-07-08 02:59:00+00:00,ETH,1757.62,1753.0169677734375,1760.66,DOWN,UP,0.6922,NEUTRAL,False,2.21
2026-07-08 03:04:00+00:00,ETH,1760.66,1753.898193359375,1760.49,DOWN,DOWN,0.7583,UP,True,2.78
2026-07-08 03:09:00+00:00,ETH,1760.49,1758.342529296875,1762.33,DOWN,UP,0.5957,NEUTRAL,False,2.51
2026-07-08 03:14:00+00:00,ETH,1762.33,1761.3624267578125,1761.32,DOWN,DOWN,0.5437,UP,True,2.62
2026-07-08 03:19:00+00:00,ETH,1761.32,1760.1690673828125,1761.57,DOWN,UP,0.552,NEUTRAL,False,2.49
2026-07-08 03:24:00+00:00,ETH,1761.57,1760.403076171875,1763.28,DOWN,UP,0.5527,NEUTRAL,False,2.36
2026-07-08 03:29:00+00:00,ETH,1763.28,1764.4134521484375,1758.71,UP,DOWN,0.5511,NEUTRAL,False,2.24
2026-07-08 03:34:00+00:00,ETH,1758.71,1759.37451171875,1759.1,UP,UP,0.5302,DOWN,True,2.3
2026-07-08 03:39:00+00:00,ETH,1759.1,1760.022705078125,1757.59,UP,DOWN,0.5418,DOWN,False,2.21
2026-07-08 03:44:00+00:00,ETH,1757.59,1757.793212890625,1755.24,UP,DOWN,0.5092,DOWN,False,2.19
2026-07-08 03:49:00+00:00,ETH,1755.24,1750.756591796875,1749.93,DOWN,DOWN,0.6882,DOWN,True,2.6
2026-07-08 03:54:00+00:00,ETH,1749.93,1747.1993408203125,1751.78,DOWN,UP,0.6209,DOWN,False,2.28
2026-07-08 03:59:00+00:00,ETH,1751.78,1746.241943359375,1752.32,DOWN,UP,0.7238,DOWN,False,1.77
2026-07-08 04:04:00+00:00,ETH,1752.32,1752.3306884765625,1754.74,UP,UP,0.5005,NEUTRAL,True,1.77
2026-07-08 04:09:00+00:00,ETH,1754.74,1749.126708984375,1753.9,DOWN,DOWN,0.7259,UP,True,2.17
2026-07-08 04:14:00+00:00,ETH,1753.9,1752.9600830078125,1754.96,DOWN,UP,0.5427,NEUTRAL,False,2.08
2026-07-08 04:19:00+00:00,ETH,1754.96,1751.144775390625,1757.75,DOWN,UP,0.6637,NEUTRAL,False,1.74
2026-07-08 04:24:00+00:00,ETH,1757.75,1756.59521484375,1757.29,DOWN,DOWN,0.5523,UP,True,1.83
2026-07-08 04:29:00+00:00,ETH,1757.29,1756.1627197265625,1754.25,DOWN,DOWN,0.551,UP,True,1.92
2026-07-08 04:34:00+00:00,ETH,1754.25,1750.2646484375,1753.23,DOWN,DOWN,0.6702,DOWN,True,2.25
2026-07-08 04:39:00+00:00,ETH,1753.23,1752.209228515625,1754.12,DOWN,UP,0.5464,DOWN,False,2.15
2026-07-08 04:44:00+00:00,ETH,1754.12,1753.4903564453125,1752.75,DOWN,DOWN,0.5287,NEUTRAL,True,2.21
2026-07-08 04:49:00+00:00,ETH,1752.75,1750.8609619140625,1754.06,DOWN,UP,0.5849,DOWN,False,2.02
2026-07-08 04:54:00+00:00,ETH,1754.06,1755.087890625,1756.5,UP,UP,0.5467,NEUTRAL,True,2.12
2026-07-08 04:59:00+00:00,ETH,1756.5,1756.2744140625,1756.56,DOWN,UP,0.5103,UP,False,2.09
2026-07-08 05:04:00+00:00,ETH,1756.56,1758.3096923828125,1758.4,UP,UP,0.5786,UP,True,2.26
2026-07-08 05:09:00+00:00,ETH,1758.4,1759.286865234375,1756.4,UP,DOWN,0.5402,UP,False,2.17
2026-07-08 05:14:00+00:00,ETH,1756.4,1756.77734375,1757.06,UP,UP,0.5172,NEUTRAL,True,2.21
2026-07-08 05:19:00+00:00,ETH,1757.06,1758.837646484375,1755.08,UP,DOWN,0.5799,NEUTRAL,False,2.03
2026-07-08 05:24:00+00:00,ETH,1755.08,1755.51611328125,1755.78,UP,UP,0.5199,DOWN,True,2.07
2026-07-08 05:29:00+00:00,ETH,1755.78,1755.3780517578125,1754.62,DOWN,DOWN,0.5183,NEUTRAL,True,2.11
2026-07-08 05:34:00+00:00,ETH,1754.62,1748.3883056640625,1752.79,DOWN,DOWN,0.7444,DOWN,True,2.62
2026-07-08 05:39:00+00:00,ETH,1752.79,1753.557861328125,1752.41,UP,DOWN,0.535,DOWN,False,2.53
2026-07-08 05:44:00+00:00,ETH,1752.41,1752.3507080078125,1751.79,DOWN,DOWN,0.5027,DOWN,True,2.54
2026-07-08 05:49:00+00:00,ETH,1751.79,1747.5494384765625,1752.92,DOWN,UP,0.6798,DOWN,False,2.08
2026-07-08 05:54:00+00:00,ETH,1752.92,1751.7252197265625,1754.14,DOWN,UP,0.5542,NEUTRAL,False,1.97
2026-07-08 05:59:00+00:00,ETH,1754.14,1754.281982421875,1752.85,UP,DOWN,0.5065,NEUTRAL,False,1.96
2026-07-08 06:04:00+00:00,ETH,1752.85,1751.67333984375,1752.93,DOWN,UP,0.5534,NEUTRAL,False,1.85
2026-07-08 06:09:00+00:00,ETH,1752.93,1758.744384765625,1752.29,UP,DOWN,0.7322,NEUTRAL,False,1.42
2026-07-08 06:14:00+00:00,ETH,1752.29,1753.80419921875,1751.61,UP,DOWN,0.5684,NEUTRAL,False,1.32
2026-07-08 06:19:00+00:00,ETH,1751.61,1752.2647705078125,1753.74,UP,UP,0.5298,DOWN,True,1.36
2026-07-08 06:24:00+00:00,ETH,1753.74,1755.74658203125,1751.58,UP,DOWN,0.59,UP,False,1.24
2026-07-08 06:29:00+00:00,ETH,1751.58,1751.5177001953125,1748.43,DOWN,DOWN,0.5028,NEUTRAL,True,1.24
2026-07-08 06:34:00+00:00,ETH,1748.43,1748.54736328125,1747.6,UP,DOWN,0.5054,DOWN,False,1.24
2026-07-08 06:39:00+00:00,ETH,1747.6,1747.2933349609375,1747.93,DOWN,UP,0.514,DOWN,False,1.22
2026-07-08 06:44:00+00:00,ETH,1747.93,1747.941650390625,1751.42,UP,UP,0.5005,DOWN,True,1.22
2026-07-08 06:49:00+00:00,ETH,1751.42,1749.76025390625,1753.65,DOWN,UP,0.5749,UP,False,1.13
2026-07-08 06:54:00+00:00,ETH,1753.65,1753.8017578125,1751.81,UP,DOWN,0.5069,UP,False,1.12
2026-07-08 06:59:00+00:00,ETH,1751.81,1752.330810546875,1747.09,UP,DOWN,0.5238,NEUTRAL,False,1.1
2026-07-08 07:04:00+00:00,ETH,1747.09,1743.5499267578125,1747.49,DOWN,UP,0.6538,DOWN,False,0.93
2026-07-08 07:09:00+00:00,ETH,1747.49,1746.581787109375,1751.21,DOWN,UP,0.5414,DOWN,False,0.89
2026-07-08 07:14:00+00:00,ETH,1751.21,1750.7406005859375,1749.2,DOWN,DOWN,0.5214,UP,True,0.91
2026-07-08 07:19:00+00:00,ETH,1749.2,1743.9735107421875,1751.28,DOWN,UP,0.7141,NEUTRAL,False,0.71
2026-07-08 07:24:00+00:00,ETH,1751.28,1750.64404296875,1753.06,DOWN,UP,0.529,UP,False,0.69
2026-07-08 07:29:00+00:00,ETH,1753.06,1752.5618896484375,1756.85,DOWN,UP,0.5227,UP,False,0.68
2026-07-08 07:34:00+00:00,ETH,1756.85,1755.7381591796875,1752.49,DOWN,DOWN,0.5504,UP,True,0.71
2026-07-08 07:39:00+00:00,ETH,1752.49,1751.5689697265625,1754.94,DOWN,UP,0.5419,NEUTRAL,False,0.68
2026-07-08 07:44:00+00:00,ETH,1754.94,1753.9862060546875,1757.17,DOWN,UP,0.5433,NEUTRAL,False,0.65
2026-07-08 07:49:00+00:00,ETH,1757.17,1755.714111328125,1756.61,DOWN,DOWN,0.5657,UP,True,0.69
2026-07-08 07:54:00+00:00,ETH,1756.61,1757.6954345703125,1756.7,UP,UP,0.5492,NEUTRAL,True,0.73
2026-07-08 07:59:00+00:00,ETH,1756.7,1758.6795654296875,1756.29,UP,DOWN,0.5887,NEUTRAL,False,0.66
2026-07-08 08:04:00+00:00,ETH,1756.29,1754.4730224609375,1757.02,DOWN,UP,0.5816,NEUTRAL,False,0.61
2026-07-08 08:09:00+00:00,ETH,1757.02,1759.94970703125,1757.38,UP,UP,0.6287,NEUTRAL,True,0.69
2026-07-08 08:14:00+00:00,ETH,1757.38,1758.498046875,1743.39,UP,DOWN,0.5506,NEUTRAL,False,0.65
2026-07-08 08:19:00+00:00,ETH,1743.39,1743.62939453125,1735.61,UP,DOWN,0.511,DOWN,False,0.65
2026-07-08 08:24:00+00:00,ETH,1735.61,1739.3084716796875,1731.15,UP,DOWN,0.6609,DOWN,False,0.54
2026-07-08 08:29:00+00:00,ETH,1731.15,1735.26123046875,1736.21,UP,UP,0.6769,DOWN,True,0.64
2026-07-08 08:34:00+00:00,ETH,1736.21,1741.049560546875,1728.68,UP,DOWN,0.7024,NEUTRAL,False,0.51
2026-07-08 08:39:00+00:00,ETH,1728.68,1732.9183349609375,1733.2,UP,UP,0.6818,NEUTRAL,True,0.6
2026-07-08 08:44:00+00:00,ETH,1733.2,1733.0748291015625,1739.21,DOWN,UP,0.5058,NEUTRAL,False,0.6
2026-07-08 08:49:00+00:00,ETH,1739.21,1736.563232421875,1738.36,DOWN,DOWN,0.6181,UP,True,0.67
2026-07-08 08:54:00+00:00,ETH,1738.36,1738.0731201171875,1735.32,DOWN,DOWN,0.5132,NEUTRAL,True,0.68
2026-07-08 08:59:00+00:00,ETH,1735.32,1738.2681884765625,1737.42,UP,UP,0.6309,NEUTRAL,True,0.77
2026-07-08 09:04:00+00:00,ETH,1737.42,1737.2158203125,1733.31,DOWN,DOWN,0.5094,NEUTRAL,True,0.77
2026-07-08 09:09:00+00:00,ETH,1733.31,1734.608154296875,1733.27,UP,DOWN,0.5595,DOWN,False,0.73
2026-07-08 09:14:00+00:00,ETH,1733.27,1735.271484375,1731.73,UP,DOWN,0.5908,DOWN,False,0.66
2026-07-08 09:19:00+00:00,ETH,1731.73,1733.2945556640625,1731.76,UP,UP,0.5715,DOWN,True,0.71
2026-07-08 09:24:00+00:00,ETH,1731.76,1729.7496337890625,1735.04,DOWN,UP,0.5912,NEUTRAL,False,0.64
2026-07-08 09:29:00+00:00,ETH,1735.04,1735.009765625,1739.15,DOWN,UP,0.5014,UP,False,0.64
2026-07-08 09:34:00+00:00,ETH,1739.15,1739.11328125,1738.8,DOWN,DOWN,0.5017,UP,True,0.64
2026-07-08 09:39:00+00:00,ETH,1738.8,1737.289794921875,1740.61,DOWN,UP,0.5688,UP,False,0.6
2026-07-08 09:44:00+00:00,ETH,1740.61,1738.6317138671875,1738.68,DOWN,DOWN,0.5894,UP,True,0.65
2026-07-08 09:49:00+00:00,ETH,1738.68,1740.2857666015625,1737.11,UP,DOWN,0.5731,NEUTRAL,False,0.61
2026-07-08 09:54:00+00:00,ETH,1737.11,1736.201904296875,1736.05,DOWN,DOWN,0.5417,NEUTRAL,True,0.63
2026-07-08 09:59:00+00:00,ETH,1736.05,1738.31005859375,1735.0,UP,DOWN,0.6019,DOWN,False,0.57
2026-07-08 10:04:00+00:00,ETH,1735.0,1732.87646484375,1734.14,DOWN,DOWN,0.596,DOWN,True,0.62
2026-07-08 10:09:00+00:00,ETH,1734.14,1735.8975830078125,1735.98,UP,UP,0.58,DOWN,True,0.67
2026-07-08 10:14:00+00:00,ETH,1735.98,1734.8551025390625,1737.44,DOWN,UP,0.5516,NEUTRAL,False,0.64
2026-07-08 10:19:00+00:00,ETH,1737.44,1734.4354248046875,1738.39,DOWN,UP,0.6331,UP,False,0.55
2026-07-08 10:24:00+00:00,ETH,1738.39,1736.4241943359375,1739.89,DOWN,UP,0.589,UP,False,0.5
2026-07-08 10:29:00+00:00,ETH,1739.89,1736.1939697265625,1741.35,DOWN,UP,0.6604,UP,False,0.42
2026-07-08 10:34:00+00:00,ETH,1741.35,1739.5009765625,1740.86,DOWN,DOWN,0.5837,UP,True,0.46
2026-07-08 10:39:00+00:00,ETH,1740.86,1734.0155029296875,1740.83,DOWN,DOWN,0.7625,NEUTRAL,True,0.58
2026-07-08 10:44:00+00:00,ETH,1740.83,1740.6971435546875,1739.38,DOWN,DOWN,0.5061,NEUTRAL,True,0.58
2026-07-08 10:49:00+00:00,ETH,1739.38,1738.470703125,1739.92,DOWN,UP,0.5417,NEUTRAL,False,0.56
2026-07-08 10:54:00+00:00,ETH,1739.92,1741.0157470703125,1739.34,UP,DOWN,0.5501,NEUTRAL,False,0.53
2026-07-08 10:59:00+00:00,ETH,1739.34,1735.8074951171875,1738.05,DOWN,DOWN,0.6541,NEUTRAL,True,0.61
2026-07-08 11:04:00+00:00,ETH,1738.05,1735.5709228515625,1738.39,DOWN,UP,0.6111,DOWN,False,0.54
2026-07-08 11:09:00+00:00,ETH,1738.39,1739.819580078125,1737.75,UP,DOWN,0.5652,NEUTRAL,False,0.51
2026-07-08 11:14:00+00:00,ETH,1737.75,1737.2410888671875,1739.98,DOWN,UP,0.5234,NEUTRAL,False,0.49
2026-07-08 11:19:00+00:00,ETH,1739.98,1737.275634765625,1737.68,DOWN,DOWN,0.6205,UP,True,0.55
2026-07-08 11:24:00+00:00,ETH,1737.68,1736.8145751953125,1738.57,DOWN,UP,0.5397,NEUTRAL,False,0.53
2026-07-08 11:29:00+00:00,ETH,1738.57,1739.1754150390625,1738.8,UP,UP,0.5278,NEUTRAL,True,0.55
2026-07-08 11:34:00+00:00,ETH,1738.8,1738.83447265625,1736.65,UP,DOWN,0.5016,NEUTRAL,False,0.55
2026-07-08 11:39:00+00:00,ETH,1736.65,1735.93408203125,1746.24,DOWN,UP,0.5329,DOWN,False,0.53
2026-07-08 11:44:00+00:00,ETH,1746.24,1746.458740234375,1748.46,UP,UP,0.51,UP,True,0.53
2026-07-08 11:49:00+00:00,ETH,1748.46,1745.2286376953125,1750.09,DOWN,UP,0.6415,UP,False,0.46
2026-07-08 11:54:00+00:00,ETH,1750.09,1748.664794921875,1747.95,DOWN,DOWN,0.5646,UP,True,0.49
2026-07-08 11:59:00+00:00,ETH,1747.95,1750.0848388671875,1746.74,UP,DOWN,0.5958,NEUTRAL,False,0.44
2026-07-08 12:04:00+00:00,ETH,1746.74,1746.446533203125,1750.57,DOWN,UP,0.5134,NEUTRAL,False,0.44
2026-07-08 12:09:00+00:00,ETH,1750.57,1750.9376220703125,1747.73,UP,DOWN,0.5168,NEUTRAL,False,0.43
2026-07-08 12:14:00+00:00,ETH,1747.73,1748.9947509765625,1749.26,UP,UP,0.5575,NEUTRAL,True,0.45
2026-07-08 12:19:00+00:00,ETH,1749.26,1747.8232421875,1746.42,DOWN,DOWN,0.5651,NEUTRAL,True,0.48
2026-07-08 12:24:00+00:00,ETH,1746.42,1746.0174560546875,1747.49,DOWN,UP,0.5184,DOWN,False,0.47
2026-07-08 12:29:00+00:00,ETH,1747.49,1747.3140869140625,1745.64,DOWN,DOWN,0.5081,NEUTRAL,True,0.48
2026-07-08 12:34:00+00:00,ETH,1745.64,1742.738037109375,1745.69,DOWN,UP,0.6283,DOWN,False,0.42
2026-07-08 12:39:00+00:00,ETH,1745.69,1746.970458984375,1744.0,UP,DOWN,0.5583,NEUTRAL,False,0.39
2026-07-08 12:44:00+00:00,ETH,1744.0,1744.7999267578125,1742.84,UP,DOWN,0.5366,DOWN,False,0.38
2026-07-08 12:49:00+00:00,ETH,1742.84,1741.02880859375,1744.8,DOWN,UP,0.582,DOWN,False,0.35
2026-07-08 12:54:00+00:00,ETH,1744.8,1745.430908203125,1738.58,UP,DOWN,0.5289,NEUTRAL,False,0.34
2026-07-08 12:59:00+00:00,ETH,1738.58,1738.1766357421875,1739.97,DOWN,UP,0.5185,DOWN,False,0.33
2026-07-08 13:04:00+00:00,ETH,1739.97,1740.4554443359375,1742.92,UP,UP,0.5223,DOWN,True,0.34
2026-07-08 13:09:00+00:00,ETH,1742.92,1744.11181640625,1740.03,UP,DOWN,0.5544,NEUTRAL,False,0.32
2026-07-08 13:14:00+00:00,ETH,1740.03,1740.069580078125,1738.29,UP,DOWN,0.5018,NEUTRAL,False,0.32
2026-07-08 13:19:00+00:00,ETH,1738.29,1737.457763671875,1737.19,DOWN,DOWN,0.5382,NEUTRAL,True,0.33
2026-07-08 13:24:00+00:00,ETH,1737.19,1736.486572265625,1736.57,DOWN,DOWN,0.5323,DOWN,True,0.34
2026-07-08 13:29:00+00:00,ETH,1736.57,1738.3106689453125,1741.21,UP,UP,0.5791,DOWN,True,0.37
2026-07-08 13:34:00+00:00,ETH,1741.21,1738.82861328125,1741.58,DOWN,UP,0.6068,UP,False,0.33
2026-07-08 13:39:00+00:00,ETH,1741.58,1742.20947265625,1739.36,UP,DOWN,0.5289,UP,False,0.32
2026-07-08 13:44:00+00:00,ETH,1739.36,1739.521240234375,1733.7,UP,DOWN,0.5074,NEUTRAL,False,0.32
2026-07-08 13:49:00+00:00,ETH,1733.7,1736.93408203125,1733.55,UP,DOWN,0.6427,DOWN,False,0.27
2026-07-08 13:54:00+00:00,ETH,1733.55,1733.6527099609375,1737.72,UP,UP,0.5047,DOWN,True,0.27
2026-07-08 13:59:00+00:00,ETH,1737.72,1735.160400390625,1737.0,DOWN,DOWN,0.6145,NEUTRAL,True,0.3
2026-07-08 14:04:00+00:00,ETH,1737.0,1736.821044921875,1737.94,DOWN,UP,0.5082,NEUTRAL,False,0.3
2026-07-08 14:09:00+00:00,ETH,1737.94,1733.7626953125,1735.6,DOWN,DOWN,0.6787,NEUTRAL,True,0.36
2026-07-08 14:14:00+00:00,ETH,1735.6,1736.0382080078125,1731.32,UP,DOWN,0.5202,DOWN,False,0.35
2026-07-08 14:19:00+00:00,ETH,1731.32,1726.8427734375,1736.36,DOWN,UP,0.6902,DOWN,False,0.28
2026-07-08 14:24:00+00:00,ETH,1736.36,1739.3697509765625,1732.82,UP,DOWN,0.6334,NEUTRAL,False,0.24
2026-07-08 14:29:00+00:00,ETH,1732.82,1734.721923828125,1732.51,UP,DOWN,0.5864,DOWN,False,0.22
2026-07-08 14:34:00+00:00,ETH,1732.51,1733.2130126953125,1730.11,UP,DOWN,0.5324,DOWN,False,0.22
2026-07-08 14:39:00+00:00,ETH,1730.11,1728.4176025390625,1729.77,DOWN,DOWN,0.5773,DOWN,True,0.23
2026-07-08 14:44:00+00:00,ETH,1729.77,1730.3548583984375,1726.43,UP,DOWN,0.527,DOWN,False,0.23
2026-07-08 14:49:00+00:00,ETH,1726.43,1727.8778076171875,1732.33,UP,UP,0.5665,DOWN,True,0.24
2026-07-08 14:54:00+00:00,ETH,1732.33,1731.0130615234375,1729.62,DOWN,DOWN,0.5604,UP,True,0.26
